lastname,firstname,Dailling code,phone number,registration,pseudo,address,mail,birthday,lastconnection
SMITH,Jules,33,0833724385,2019-03-30,,,,1972-10-15,
JOHNSON,Gabriel,33,0465041126,2014-08-01,,"9, Lotissement le Cap des Neiges [ Barcelonnette ]",,2010-01-09,
WILLIAMS,Louis,33,0856949341,2020-09-12,,"14, Rue Saint-Jean de Matha [ Faucon-de-Barcelonnette ]",WILLIAMS-Louis@outlook.com,1977-07-24,
BROWN,Lucas,33,0181262940,2013-09-06,Lucas79,"56, Lotissement Le Rocher Roux [ La Motte-du-Caire ]",BROWN-Lucas@outlook.com,1985-05-01,2014-07-26 06:23:49
JONES,Louis,33,0299475145,2020-02-20,,"1, Lotissement Bellevue [ Les Mées ]",JONES-Louis@yahoo.com,1999-11-08,2021-03-01 04:35:38
MILLER,Léo,33,0383693078,2017-07-19,,"80, Clos Alsace Lorraine [ Céreste ]",,2003-11-06,
DAVIS,Gabriel,33,0023784100,2012-02-18,Gabriel28,"9, Le Village [ Revest-du-Bion ]",DAVIS-Gabriel@yahoo.com,1958-12-19,
GARCIA,Louise,33,0912875002,2010-08-20,,"12, Rue des Aires [ Corbières-en-Provence ]",,1977-04-09,
RODRIGUEZ,Léo,33,0503260907,2017-09-01,,"11, Boulevard Elémir Bourges [ Manosque ]",RODRIGUEZ-Léo@gmail.com,1988-02-13,2019-12-19 02:08:28
WILSON,Louis,33,0019228094,2018-08-08,,"185, Chemin des Riayes [ Gréoux-les-Bains ]",WILSON-Louis@outlook.com,1987-04-19,
MARTINEZ,Adam,33,0264197618,2019-08-06,Adam23,"5000, Rue Denfert [ Manosque ]",MARTINEZ-Adam@yahoo.com,1960-09-13,
ANDERSON,Louise,33,0827443434,2014-07-09,Louise31,"3, Rue de l'Epée [ Peyruis ]",ANDERSON-Louise@outlook.com,1967-04-10,2020-03-21 23:26:01
TAYLOR,Louise,33,0164766111,2010-10-27,Louise69,,TAYLOR-Louise@outlook.com,1951-04-19,
THOMAS,Paul,33,0737164021,2017-06-01,,"39, Rue des Yeuses [ Manosque ]",,1990-12-07,
HERNANDEZ,Raphaël,33,0321651061,2012-05-02,Raphaël71,"812, Route de Puimoisson [ Roumoules ]",HERNANDEZ-Raphaël@gmail.com,1951-02-22,
MOORE,Arthur,33,0266600882,2012-04-04,,,,1951-06-13,
MARTIN,Emma,33,0574805389,2020-08-04,Emma89,"11, Rue de l'Espérance [ Digne-les-Bains ]",MARTIN-Emma@outlook.com,1962-01-01,
JACKSON,Adam,33,0263138800,2016-01-16,Adam25,"26, Rue des Remparts [ Roumoules ]",JACKSON-Adam@gmail.com,2010-01-12,2016-12-30 07:35:11
THOMPSON,Lina,33,0931458925,2019-03-01,,"49, Rue des Jardins [ Turriers ]",,1970-05-27,
WHITE,Adam,33,0523271860,2011-02-03,,"20, Rue Haute [ Château-Arnoux-Saint-Auban ]",,2010-11-23,
LOPEZ,Jade,33,0070992695,2014-12-24,Jade36,"270, Rue Principale [ Le Brusquet ]",LOPEZ-Jade@gmail.com,2011-01-17,2018-11-21 03:48:47
LEE,Jules,33,0696865905,2012-05-25,Jules89,"120, Chemin des Aires [ Saint-Étienne-les-Orgues ]",LEE-Jules@yahoo.com,2001-09-05,2020-09-21 11:24:28
GONZALEZ,Emma,33,0852681608,2012-07-09,Emma34,,GONZALEZ-Emma@gmail.com,2007-07-25,
HARRIS,Jules,33,0088224586,2011-08-13,Jules49,"10, Impasse des Pruniers [ Digne-les-Bains ]",HARRIS-Jules@yahoo.com,1974-12-17,2020-11-06 00:31:08
CLARK,Camille,33,0682035339,2013-07-27,Camille70,"4, Rue Léon Mariaud [ Digne-les-Bains ]",CLARK-Camille@yahoo.com,2002-10-19,2020-06-05 15:47:31
LEWIS,Emma,33,0369696647,2012-12-19,,"3, Chemin des Hautes-Sièyes [ Digne-les-Bains ]",,1967-01-01,
ROBINSON,Lucas,33,0096340873,2011-09-11,Lucas2,"3, Rue des Cigales [ Oraison ]",ROBINSON-Lucas@outlook.com,1987-07-01,2016-05-24 15:36:54
WALKER,Maël,33,0678060757,2012-05-12,Maël62,"9, Chemin des Alpes [ Corbières-en-Provence ]",WALKER-Maël@yahoo.com,1973-12-03,2019-03-25 01:06:14
PEREZ,Arthur,33,0848540677,2018-12-04,,"4, Chemin du Galoubet [ Oraison ]",,2015-06-23,
HALL,Arthur,33,0021782683,2010-12-14,Arthur35,"9, Les Graves [ Saint-Étienne-les-Orgues ]",HALL-Arthur@outlook.com,1992-04-05,
YOUNG,Léo,33,0807471122,2018-12-18,Léo16,"14, Impasse des Sports [ Peipin ]",YOUNG-Léo@outlook.com,1973-09-10,
ALLEN,Lina,33,0211276890,2020-05-01,Lina94,"33, Rue d'Aubette [ Manosque ]",ALLEN-Lina@gmail.com,1969-06-02,
SANCHEZ,Alice,33,0308114886,2019-06-08,Alice24,"45, Rue du Vieux Four [ Turriers ]",SANCHEZ-Alice@outlook.com,1988-10-09,2020-06-18 23:34:14
WRIGHT,Ethan,33,0291825776,2017-12-18,,"9, Impasse des Étoiles [ Peipin ]",,1992-02-15,
KING,Liam,33,0559196084,2011-03-02,,"866, Route des Jardins [ Mison ]",,1981-10-08,
SCOTT,Mathis,33,0679147669,2017-05-31,Mathis1,"27, Rue André Lagier [ Les Mées ]",SCOTT-Mathis@outlook.com,2008-11-06,2019-10-03 09:33:07
GREEN,Sacha,33,0827491496,2016-09-23,,,GREEN-Sacha@gmail.com,1966-03-30,2021-04-20 21:55:10
BAKER,Tom,33,0377550419,2011-09-09,Tom14,"695, Les Naves [ Manosque ]",BAKER-Tom@gmail.com,1985-09-18,2018-09-30 19:55:38
ADAMS,Gabriel,33,0368935906,2013-04-13,Gabriel74,,ADAMS-Gabriel@gmail.com,1993-05-23,
NELSON,Hugo,33,0758199972,2018-08-15,,"79, Chemin du Fumadis [ Corbières-en-Provence ]",,1976-02-05,
HILL,Nathan,33,0229966371,2014-08-27,,"1364, Route des Jardins [ Mison ]",,1965-01-27,
RAMIREZ,Gabin,33,0357502135,2015-12-15,Gabin74,"527B, Voie Impériale [ Aiglun ]",RAMIREZ-Gabin@yahoo.com,2001-03-22,2021-02-23 19:17:43
CAMPBELL,Hugo,33,0240591516,2010-04-26,Hugo32,"27D, Rue des Balcons du Mont d'Or [ Manosque ]",CAMPBELL-Hugo@yahoo.com,1983-11-02,2019-11-23 08:29:13
MITCHELL,Jade,33,0839896032,2019-03-21,Jade33,"34, Rue de la Vière [ Gréoux-les-Bains ]",MITCHELL-Jade@outlook.com,1956-01-07,2020-04-03 10:11:45
ROBERTS,Lina,33,0004000136,2013-03-21,,"1, Rue de la Minoterie [ Volonne ]",,1952-12-22,
CARTER,Lucie,33,0923553536,2014-04-13,,"13, Quartier de la Terrasse [ Peyruis ]",,1992-04-30,
PHILLIPS,Rose,33,0596128996,2012-06-13,Rose72,"28, Belair et Serre Peymian [ Saint-Martin-les-Eaux ]",PHILLIPS-Rose@outlook.com,1981-03-22,2012-07-30 07:29:57
EVANS,Théo,33,0893089915,2015-08-17,,,,1999-06-25,
TURNER,Chloé,33,0307611216,2019-09-18,,"11, Impasse des Noisetiers [ Digne-les-Bains ]",TURNER-Chloé@yahoo.com,1987-11-03,2020-05-05 13:07:46
TORRES,Hugo,33,0760027903,2017-08-28,,"20, Rue de la Fraternité [ Digne-les-Bains ]",TORRES-Hugo@gmail.com,2017-06-10,
PARKER,Léa,33,0812890524,2017-08-01,,"8, Avenue Saint-Promasse [ Forcalquier ]",,2009-08-01,
COLLINS,Manon,33,0351980950,2017-06-01,,,COLLINS-Manon@yahoo.com,2001-12-29,
EDWARDS,Nina,33,0506332712,2020-07-04,Nina89,,EDWARDS-Nina@yahoo.com,2006-07-19,2020-11-17 15:24:07
STEWART,Paul,33,0658936483,2018-10-01,Paul54,,STEWART-Paul@yahoo.com,1964-03-11,2020-10-21 18:32:53
FLORES,Tom,33,0075150944,2013-06-14,Tom70,"4, Avenue des Arcades [ Sisteron ]",FLORES-Tom@gmail.com,1994-06-20,2017-05-05 20:59:01
MORRIS,Ambre,33,0998463457,2020-05-20,,"18, Rue des Oliviers [ Roumoules ]",,1998-03-12,
NGUYEN,Chloé,33,0126250551,2015-05-18,Chloé96,"82, Impasse de la Digue [ Jausiers ]",NGUYEN-Chloé@gmail.com,1977-06-09,2018-09-14 16:21:22
MURPHY,Jade,33,0686329422,2012-02-13,Jade11,"6A, Rue de la Fontaine [ Castellane ]",MURPHY-Jade@gmail.com,1952-11-30,2012-04-26 22:25:49
RIVERA,Lucas,33,0312735798,2016-01-16,Lucas90,"99, Traverse des Balcons [ La Motte-du-Caire ]",RIVERA-Lucas@outlook.com,2004-04-11,2017-08-14 14:29:49
COOK,Lucie,33,0487477713,2019-08-26,Lucie42,"14, Rue des Aires [ Corbières-en-Provence ]",COOK-Lucie@gmail.com,2004-04-09,2021-04-24 12:13:09
ROGERS,Maël,33,0225346773,2011-06-01,Maël54,"131, L’Argentiere [ Roumoules ]",ROGERS-Maël@gmail.com,1962-09-08,2014-02-10 16:17:22
MORGAN,Nathan,33,0049273875,2014-09-02,,"3, Lotissement les Hauts de Provence [ Saint-Étienne-les-Orgues ]",MORGAN-Nathan@gmail.com,2009-03-05,2016-12-28 01:18:15
PETERSON,Noé,33,0081538163,2014-08-10,Noé1,"1, Rue Notre Dame Del Bosc [ Jausiers ]",PETERSON-Noé@yahoo.com,1982-01-16,2016-10-27 14:20:30
COOPER,Liam,33,0751722450,2017-09-10,,"276, Montée du Pain de Sucre [ Manosque ]",,2006-06-02,
REED,Maël,33,0342107333,2013-01-28,,"24C, Rue Font Neuve [ Les Mées ]",,2013-09-11,
BAILEY,Noé,33,0668496546,2019-01-08,Noé45,"51, Rue des Frères Mahoudeaux [ Digne-les-Bains ]",BAILEY-Noé@yahoo.com,1983-05-30,
BELL,Alice,33,0064663033,2010-10-13,Alice40,,BELL-Alice@yahoo.com,1982-06-04,
GOMEZ,Anna,33,0330643430,2010-12-30,,"44, Chemin de la Barque [ Gréoux-les-Bains ]",,1987-02-01,
KELLY,Chloé,33,0897337444,2010-05-01,Chloé67,"239, Le Village [ Saint-Michel-l'Observatoire ]",KELLY-Chloé@outlook.com,1978-08-09,2015-10-16 08:51:23
HOWARD,Enzo,33,0996273763,2011-04-22,Enzo49,"8BIS, Rue Adolphe Aillaud [ Pierrevert ]",HOWARD-Enzo@outlook.com,1948-01-19,2016-02-23 14:18:47
WARD,Inès,33,0996708398,2020-03-07,Inès22,"9, Rue Bonthoux [ Digne-les-Bains ]",WARD-Inès@outlook.com,1975-09-04,
COX,Léonie,33,0947743245,2012-10-22,,"1, Route de Puimoisson [ Roumoules ]",,1989-05-09,
DIAZ,Lola,33,0507447489,2013-12-15,,"5, Rue du Mazet [ Digne-les-Bains ]",,1962-08-21,
RICHARDSON,Lucie,33,0078151259,2011-04-04,,"104, Rue des Tanneurs [ Estoublon ]",,2008-06-10,
WOOD,Martin,33,0000036612,2020-05-16,,"1C, Monroc [ Valensole ]",,1967-12-04,
WATSON,Sacha,33,0505125988,2018-02-19,Sacha52,"11C, Avenue Watton de Ferry [ Barcelonnette ]",WATSON-Sacha@yahoo.com,2007-05-19,2019-09-11 15:21:14
BROOKS,Tom,33,0794874235,2016-04-15,Tom44,"7, Rue Merciere [ Barcelonnette ]",BROOKS-Tom@yahoo.com,1975-11-20,2020-07-11 06:36:39
BENNETT,Zoé,33,0459194318,2013-09-29,Zoé41,"18, Rue du Professeur François Arnaud [ L'Escale ]",BENNETT-Zoé@yahoo.com,1985-07-21,2018-03-23 12:47:37
GRAY,Zoé,33,0275613753,2020-06-10,,"145, Allée des Micocouliers [ Manosque ]",,1997-09-25,
JAMES,Aaron,33,0144800276,2016-10-05,Aaron22,"940, Route de Trévans [ Estoublon ]",JAMES-Aaron@outlook.com,1983-04-06,2019-06-25 11:34:30
REYES,Gabin,33,0188414510,2016-08-28,Gabin20,"69, Lotissement la Louette [ Forcalquier ]",REYES-Gabin@yahoo.com,2012-03-25,2020-10-18 12:03:10
CRUZ,Manon,33,0240118872,2012-01-23,Manon52,,CRUZ-Manon@outlook.com,1960-10-05,
HUGHES,Martin,33,0359369122,2018-06-08,Martin57,"127, Chemin de la Combe d'Azard [ Villeneuve ]",HUGHES-Martin@yahoo.com,1962-09-04,2021-04-17 01:23:11
PRICE,Mila,33,0128180101,2010-05-22,Mila14,"1, Avenue Frédéric Mistral [ Pierrevert ]",PRICE-Mila@yahoo.com,1955-11-10,2016-06-16 06:21:59
MYERS,Noah,33,0998658115,2020-07-07,,"296, Chemin de la Combe d'Azard [ Villeneuve ]",MYERS-Noah@yahoo.com,2012-03-10,
LONG,Paul,33,0357984369,2019-07-27,Paul52,,LONG-Paul@outlook.com,2006-08-17,2020-10-04 17:26:07
FOSTER,Robin,33,0986448082,2012-10-30,,"114, Rue des Écoles [ Oraison ]",,1972-08-28,
SANDERS,Victor,33,0774412029,2016-05-03,Victor74,"23, Lotissement les Grands Près [ Manosque ]",SANDERS-Victor@gmail.com,2011-12-07,2019-04-29 15:48:48
ROSS,Ambre,33,0604827612,2019-06-01,Ambre16,"584, Le Grand Chemin [ Dauphin ]",ROSS-Ambre@gmail.com,1962-04-18,2020-01-28 10:05:17
MORALES,Eden,33,0540683429,2018-12-08,,"18B, Rue des Lombards [ Gréoux-les-Bains ]",MORALES-Eden@gmail.com,1972-01-18,2019-06-12 05:28:23
POWELL,Léon,33,0701204357,2013-06-18,,"2, Impasse des Marronniers [ Peipin ]",,1996-01-10,
SULLIVAN,Lou,33,0243043520,2010-02-19,,,,2003-08-31,
RUSSELL,Noah,33,0884885945,2017-04-11,,"83, Boulevard Victor Hugo [ Digne-les-Bains ]",,1995-06-06,
ORTIZ,Sacha,33,0725945261,2015-06-20,,,,1963-04-19,
JENKINS,Victor,33,0445211894,2017-05-27,,"494, Route de Pierrevert [ Manosque ]",JENKINS-Victor@gmail.com,1976-02-09,2021-03-03 09:35:17
GUTIERREZ,Antoine,33,0863113610,2016-10-24,Antoine14,"433, Avenue du Luberon [ Manosque ]",GUTIERREZ-Antoine@outlook.com,1988-06-28,2019-02-09 10:21:50
PERRY,Axel,33,0120223159,2012-06-09,Axel7,"29, Les Hauts de Chantemerle [ Peyruis ]",PERRY-Axel@yahoo.com,1981-03-09,2019-04-28 08:01:22
BUTLER,Camille,33,0089427372,2011-09-12,,"29, Clot de Leve [ Simiane-la-Rotonde ]",,1958-04-26,
BARNES,Ethan,33,0008031728,2017-05-02,,"9, Rue Virgile Pons [ Les Mées ]",,1967-05-14,
FISHER,Ethan,33,0989173360,2020-09-10,,"2, Rue André Honnorat [ Barcelonnette ]",FISHER-Ethan@outlook.com,1981-03-25,2021-02-12 01:57:50
HENDERSON,Léna,33,0618047521,2012-03-01,Léna52,"890, Chemin des Plaines [ Curbans ]",HENDERSON-Léna@yahoo.com,1956-04-15,
COLEMAN,Mila,33,0781271613,2015-12-27,Mila15,,COLEMAN-Mila@gmail.com,1986-08-30,2016-08-02 03:13:33
SIMMONS,Baptiste,33,0063622082,2018-10-16,,"518, Chemin d’Aco d’Astier [ Montlaux ]",,2012-07-29,
PATTERSON,Camille,33,0884757236,2019-08-24,Camille37,"6, Place de l'Hôtel de Ville [ Manosque ]",PATTERSON-Camille@outlook.com,1983-06-09,2020-01-29 17:46:38
JORDAN,Charlotte,33,0012294976,2016-12-19,Charlotte94,"9, Route Napoléon [ L'Escale ]",JORDAN-Charlotte@outlook.com,1964-08-05,
REYNOLDS,Clara,33,0799387282,2017-07-27,Clara8,"728C, Montée de l'Ubac [ Manosque ]",REYNOLDS-Clara@outlook.com,2005-05-23,2019-04-02 04:16:29
HAMILTON,Eden,33,0352631328,2020-02-24,,,,1994-10-19,
GRAHAM,Robin,33,0110168066,2020-01-08,,"145, Le Village [ Saint-Michel-l'Observatoire ]",,1963-04-10,
KIM,Timéo,33,0603458247,2015-09-07,,"198, Square de la Negresse [ Manosque ]",,1966-05-26,
GONZALES,Victor,33,0899266072,2013-03-12,,,,1990-10-15,
ALEXANDER,Agathe,33,0104440526,2016-06-09,Agathe57,"3, Allée des Carlines [ Oraison ]",ALEXANDER-Agathe@outlook.com,1955-04-29,
RAMOS,Alice,33,0047734708,2016-04-10,,"8, Grand Rue [ Peipin ]",,1976-01-31,
WALLACE,Baptiste,33,0563272122,2013-03-03,Baptiste47,,WALLACE-Baptiste@outlook.com,1986-11-19,
GRIFFIN,Clément,33,0177599638,2014-09-16,,,GRIFFIN-Clément@gmail.com,1958-10-28,2019-12-08 05:26:28
WEST,Gabin,33,0228308403,2010-10-18,,"289, Allée des Micocouliers [ Sainte-Tulle ]",WEST-Gabin@outlook.com,2004-04-11,
COLE,Jeanne,33,0564632746,2017-12-24,,"155, Rue de la Calade [ La Robine-sur-Galabre ]",,1977-07-13,
HAYES,Léonie,33,0478329962,2014-04-13,Léonie89,,HAYES-Léonie@gmail.com,1970-01-21,2015-06-16 02:35:06
CHAVEZ,Lou,33,0737285464,2019-05-30,Lou58,"675, Avenue Marius Autric [ Aiglun ]",CHAVEZ-Lou@yahoo.com,1995-09-26,
GIBSON,Mathis,33,0050132978,2011-04-23,,,,1995-11-24,
BRYANT,Nolan,33,0527818122,2014-04-23,,,BRYANT-Nolan@gmail.com,1978-12-19,
ELLIS,Raphaël,33,0128845889,2018-08-19,Raphaël1,"6, Route de Marseille [ Sisteron ]",ELLIS-Raphaël@gmail.com,1989-09-23,2020-04-23 11:55:06
STEVENS,Samuel,33,0085823635,2015-05-05,,"8, Rue Darraire [ Valensole ]",,1960-06-15,
MURRAY,Sarah,33,0889555191,2012-09-03,Sarah96,"74, Route Napoléon [ L'Escale ]",MURRAY-Sarah@gmail.com,1995-09-30,2014-09-20 14:15:19
FORD,Clément,33,0093661974,2020-01-06,,,,1981-06-11,
MARSHALL,Eva,33,0310546699,2011-10-21,,"60, Avenue de la Croix de l'Alp [ Saint-Pons ]",,1995-10-19,
OWENS,Inès,33,0354826440,2013-12-24,,,OWENS-Inès@gmail.com,1974-01-24,2014-12-01 20:16:44
MCDONALD,Isaac,33,0985645610,2019-09-05,Isaac57,"206, Chemin des Amandiers [ Valensole ]",MCDONALD-Isaac@outlook.com,1977-09-22,
HARRISON,Julia,33,0767094050,2018-10-10,Julia72,"219, Le Village [ Thoard ]",HARRISON-Julia@gmail.com,1986-07-14,2021-04-15 22:06:35
RUIZ,Julia,33,0184315877,2010-12-31,Julia25,"14, Chemin de Saint Michel [ Pierrevert ]",RUIZ-Julia@gmail.com,2003-09-11,2014-12-06 23:53:09
KENNEDY,Juliette,33,0072133292,2018-09-30,Juliette91,"23, Rue des Amandiers [ Sisteron ]",KENNEDY-Juliette@gmail.com,1976-11-14,
WELLS,Léa,33,0647762665,2016-02-01,,,WELLS-Léa@outlook.com,2004-07-18,
ALVAREZ,Manon,33,0113697563,2014-02-09,,"731C, Avenue de la Repasse [ Manosque ]",,1993-04-26,
WOODS,Marius,33,0949578834,2017-09-25,Marius70,,WOODS-Marius@gmail.com,2002-01-18,2019-01-11 19:32:19
MENDOZA,Maxence,33,0781059584,2017-10-04,Maxence1,"7, Avenue de Nice [ Barcelonnette ]",MENDOZA-Maxence@yahoo.com,2004-02-07,
CASTILLO,Mila,33,0627846178,2015-06-04,,,,1963-09-20,
OLSON,Raphaël,33,0640560960,2010-10-18,,"54, Avenue du Colonel Noël [ Digne-les-Bains ]",OLSON-Raphaël@yahoo.com,1964-07-23,2017-07-13 14:54:51
WEBB,Robin,33,0626030059,2010-02-13,Robin51,"1, impasse hugues auguste [ Digne-les-Bains ]",WEBB-Robin@gmail.com,1958-03-16,2020-07-03 06:45:17
WASHINGTON,Thomas,33,0881213534,2012-06-02,,"55, Impasse des Oliviers [ Le Brusquet ]",,1948-08-16,
TUCKER,Yanis,33,0130314172,2015-12-06,Yanis6,"43, Rue de l'Orbitelle [ Entrevaux ]",TUCKER-Yanis@outlook.com,2016-04-16,2017-06-19 05:38:06
FREEMAN,Agathe,33,0610639427,2010-06-30,,,,1998-07-18,
BURNS,Gaspard,33,0387865743,2014-02-08,Gaspard60,,BURNS-Gaspard@gmail.com,1950-04-23,
HENRY,Jeanne,33,0945593630,2011-10-07,,"4, Lotissement Clément [ Reillanne ]",,1982-07-11,
VASQUEZ,Léa,33,0007647737,2012-06-12,,"172, Le Village [ Thorame-Haute ]",VASQUEZ-Léa@gmail.com,1954-01-06,2016-05-26 09:53:39
SNYDER,Liam,33,0521213555,2011-02-09,Liam22,"35, Rue des Remparts [ Roumoules ]",SNYDER-Liam@outlook.com,1961-06-01,2013-01-07 08:07:01
SIMPSON,Margaux,33,0122960745,2012-03-25,,"16, Impasse Achille Negre [ Oraison ]",,2003-09-07,
CRAWFORD,Martin,33,0393061248,2017-06-05,Martin45,"43, Allée de Verdun [ Manosque ]",CRAWFORD-Martin@gmail.com,2012-07-20,2019-12-31 02:23:27
JIMENEZ,Maxime,33,0345857736,2016-08-19,Maxime26,"10, Avenue René Bigand [ Pierrevert ]",JIMENEZ-Maxime@yahoo.com,1978-05-12,2017-08-25 18:26:58
PORTER,Maxime,33,0454178324,2018-01-01,,"4, Gorge des Pierres [ Mallefougasse-Augès ]",,1969-04-06,
MASON,Mia,33,0952861519,2011-09-06,Mia26,"16, Rue la Liberte et des Insurges [ Les Mées ]",MASON-Mia@gmail.com,1976-04-04,2016-12-03 02:42:47
SHAW,Nina,33,0138716833,2014-04-02,Nina92,"27, Route de Barles [ Digne-les-Bains ]",SHAW-Nina@yahoo.com,1990-12-06,2016-08-28 09:33:16
GORDON,Rose,33,0012982161,2012-10-16,,"234, Montée de Toutes Aures [ Manosque ]",,1984-05-11,
WAGNER,Simon,33,0989387561,2020-09-26,,"35, Impasse des Pignes [ Jausiers ]",,2001-09-10,
HUNTER,Valentin,33,0933643797,2015-09-08,,"13, Place des Musaraignes [ Forcalquier ]",,1999-06-25,
ROMERO,Valentin,33,0138220662,2015-12-27,Valentin22,"169, Chemin des Amandiers [ Valensole ]",ROMERO-Valentin@outlook.com,1989-12-21,
HICKS,Anna,33,0104186312,2014-09-26,Anna88,"16, Avenue Paul Delaye [ Aiglun ]",HICKS-Anna@yahoo.com,1996-01-30,2019-05-10 12:55:47
DIXON,Axel,33,0360021726,2018-08-03,Axel68,,DIXON-Axel@gmail.com,2015-12-27,2020-03-02 05:51:00
HUNT,Capucine,33,0294662080,2018-05-04,,"22, Rue du Faubourg Jean Jaurès [ Valensole ]",,1987-06-15,
PALMER,Capucine,33,0199933787,2010-12-12,,"42, Le Grand Puy [ Seyne ]",,1976-01-09,
ROBERTSON,Côme,33,0743747239,2013-07-23,,"19, Avenue de La Roche [ Peyruis ]",,1959-02-20,
BLACK,Juliette,33,0997122797,2015-07-17,Juliette70,"32, Rue des Marronniers [ Manosque ]",BLACK-Juliette@outlook.com,1989-03-18,
HOLMES,Juliette,33,0334201926,2011-12-21,Juliette4,"2, Rue du Baous [ Rougon ]",HOLMES-Juliette@outlook.com,1989-10-22,
STONE,Lola,33,0508302224,2019-03-30,,"4, Montée Saint Elzear [ Puimichel ]",STONE-Lola@outlook.com,1968-09-24,2020-06-08 22:16:59
MEYER,Luna,33,0850166696,2012-07-15,,"8, Rue du Pradas [ Digne-les-Bains ]",,1955-03-03,
BOYD,Malo,33,0651872631,2017-01-02,,"110A, Allée de Verdun [ Manosque ]",,2015-05-12,
MILLS,Margaux,33,0677254185,2017-03-13,,"121, Impasse de Sainte-Roustagne [ Manosque ]",,1975-11-12,
WARREN,Mathilde,33,0727130560,2011-09-04,Mathilde89,"5, Rue de la Gravette [ Jausiers ]",WARREN-Mathilde@yahoo.com,2003-12-30,2018-01-25 18:08:34
FOX,Romane,33,0084375695,2014-06-07,Romane72,"107, Rue Lieutenant Gérard [ Sainte-Tulle ]",FOX-Romane@outlook.com,1984-07-14,
ROSE,Rose,33,0235254718,2012-04-03,,"29, Chemin du Moulin d’Huile [ Estoublon ]",,1958-07-24,
RICE,Sarah,33,0962515352,2017-07-28,Sarah19,"2504, Route de Viens [ Oppedette ]",RICE-Sarah@yahoo.com,2005-07-24,2019-06-06 21:59:51
MORENO,Antoine,33,0205895255,2017-03-15,,"109, Chemin du Bief [ Dauphin ]",,2015-10-03,
SCHMIDT,Charlotte,33,0406083440,2013-10-15,,"7, Avenue du Lac [ Pierrevert ]",,1992-08-23,
PATEL,Clara,33,0892378972,2014-05-04,,"6, Rue des Romarins [ Digne-les-Bains ]",,1963-08-03,
FERGUSON,Léon,33,0767759615,2015-02-08,,"14, Rue de la Haute Fontaine [ Puimichel ]",,1953-10-02,
NICHOLS,Romane,33,0724356713,2015-04-03,Romane53,,NICHOLS-Romane@gmail.com,1994-11-11,2019-08-19 03:49:13
HERRERA,Théo,33,0484991424,2016-08-15,,"4BIS, Quartier Font de Lagier [ Volx ]",,1962-08-20,
MEDINA,Yanis,33,0836784150,2017-07-22,Yanis84,"399, Chemin du Riou Vert [ Entrevaux ]",MEDINA-Yanis@yahoo.com,2015-08-12,2019-09-22 21:40:30
RYAN,Aaron,33,0040518813,2013-02-12,,"43, Rue Paul Cézanne [ Château-Arnoux-Saint-Auban ]",,1983-03-13,
FERNANDEZ,Amir,33,0295021672,2018-05-13,,"13, Chemin du Revesca [ Riez ]",,1961-10-30,
WEAVER,Augustin,33,0957952108,2014-09-11,,"120, Chemin du Plan [ Gréoux-les-Bains ]",,1972-09-22,
DANIELS,Clémence,33,0002296101,2017-02-28,Clémence1,"25, Place Clément Plane [ Oraison ]",DANIELS-Clémence@outlook.com,2004-03-31,
STEPHENS,Eliott,33,0956910489,2012-01-11,,"2, Chemin du Rugby [ Sisteron ]",,1955-07-18,
GARDNER,Elise,33,0651482637,2010-10-27,,"12, Rue de la Comète [ Peipin ]",,1982-05-29,
PAYNE,Enzo,33,0303198405,2016-01-24,,"18, Avenue Abdon Martin [ Oraison ]",,1967-11-19,
KELLEY,Jeanne,33,0204692107,2020-03-27,,"3, Lotissement Les Cymes d'Argent [ Aubignosc ]",KELLEY-Jeanne@outlook.com,2016-08-29,2021-03-01 00:26:36
DUNN,Léna,33,0261372297,2018-02-11,,"5, Rue de la Farigoule [ Digne-les-Bains ]",DUNN-Léna@outlook.com,2015-08-28,2020-09-02 06:42:05
PIERCE,Lily,33,0398245065,2011-04-14,,"19, Route de La Silve [ Mison ]",,1959-10-31,
ARNOLD,Lola,33,0400506520,2019-03-08,,"8, Rue Saint-Mary [ Forcalquier ]",,1980-11-15,
TRAN,Louna,33,0863585176,2016-06-12,Louna4,"43, Les Bédauches [ Reillanne ]",TRAN-Louna@outlook.com,2015-01-01,2019-06-24 03:17:49
SPENCER,Louna,33,0600964687,2011-05-02,Louna81,"8, Chemin de l'Onglon [ Peyruis ]",SPENCER-Louna@gmail.com,1951-01-14,2019-10-16 17:22:56
PETERS,Lyam,33,0749610694,2014-02-10,Lyam37,"36, Place de la République [ Banon ]",PETERS-Lyam@yahoo.com,1978-05-31,2016-03-16 09:16:21
HAWKINS,Marius,33,0376872912,2019-03-30,,"14, Rue des Grands Pins [ Manosque ]",,1961-04-10,
GRANT,Mathéo,33,0159723547,2020-03-20,Mathéo36,"142, Route de Montlaux [ Sigonce ]",GRANT-Mathéo@yahoo.com,2009-05-25,2021-04-15 09:02:45
HANSEN,Mathis,33,0611844628,2014-08-01,Mathis16,"58, Route de Montlaux [ Sigonce ]",HANSEN-Mathis@gmail.com,1955-03-15,
CASTRO,Nathan,33,0904421434,2011-02-17,,"95, Rue Blondel [ Sainte-Tulle ]",,1963-05-31,
HOFFMAN,Nino,33,0646466504,2014-08-25,,"30, Avenue des Arcades [ Sisteron ]",,1991-11-01,
HART,Olivia,33,0618725233,2012-05-08,,"6, Impasse des Chrestiannes [ Pierrevert ]",,1996-05-01,
ELLIOTT,Sarah,33,0042108360,2019-01-04,,,ELLIOTT-Sarah@yahoo.com,1981-01-11,2021-05-09 14:18:09
CUNNINGHAM,Simon,33,0511437768,2016-06-25,Simon38,"174, Chemin des Oliviers [ Salignac ]",CUNNINGHAM-Simon@gmail.com,1969-02-11,
KNIGHT,Théo,33,0716939511,2011-12-19,,,,1977-08-29,
BRADLEY,Timéo,33,0423369542,2014-05-09,Timéo91,"98B, Avenue de Lattre de Tassigny [ Manosque ]",BRADLEY-Timéo@outlook.com,2004-05-30,
CARROLL,Yanis,33,0417773396,2020-08-05,Yanis33,"125, Rue des Caissiers [ Saint-Étienne-les-Orgues ]",CARROLL-Yanis@outlook.com,2013-02-10,2020-11-27 10:33:52
HUDSON,Zoé,33,0638124367,2020-02-28,,"76, Chemin de Saint-Jean [ Volx ]",,2000-08-12,
DUNCAN,Agathe,33,0515332816,2015-10-15,Agathe29,"26, Impasse des Drailles [ Manosque ]",DUNCAN-Agathe@gmail.com,1961-05-12,
ARMSTRONG,Alexandre,33,0685284858,2014-03-26,Alexandre57,"18, Rue du Casteu [ Digne-les-Bains ]",ARMSTRONG-Alexandre@outlook.com,1990-12-27,2015-07-19 01:20:04
BERRY,Aya,33,0806670132,2017-05-16,,"6, Rue Arbaud [ Manosque ]",,1998-02-19,
ANDREWS,Camille,33,0853661107,2016-03-15,,"58, La Garrene [ Saint-Michel-l'Observatoire ]",,1956-07-15,
JOHNSTON,Capucine,33,0421256631,2018-04-02,Capucine3,"199, Rue du Longeon [ Saint-Étienne-les-Orgues ]",JOHNSTON-Capucine@outlook.com,1966-04-13,
RAY,Célia,33,0572577689,2019-04-01,Célia7,"91, Chemin de Sainte-Annette [ Gréoux-les-Bains ]",RAY-Célia@yahoo.com,1987-09-20,
LANE,Charlie,33,0561356950,2011-07-24,Charlie84,"1, Impasse des Cigales [ Valensole ]",LANE-Charlie@outlook.com,1949-10-02,2015-02-01 04:07:33
RILEY,Charlotte,33,0599194373,2012-02-12,,"17, Rue de La Placette [ Villeneuve ]",,1979-12-11,
CARPENTER,Eliott,33,0432365331,2015-01-17,,"14, Rue Domnine [ Sisteron ]",,1971-02-21,
PERKINS,Eva,33,0456205568,2017-03-03,Eva87,"5878, Chemin du Thor [ Manosque ]",PERKINS-Eva@yahoo.com,1968-03-19,2021-05-18 22:54:20
AGUILAR,Eva,33,0187416484,2011-08-13,,"21, Rue Joseph Roumanille [ Villeneuve ]",AGUILAR-Eva@outlook.com,1951-08-28,2013-09-04 10:57:54
SILVA,Evan,33,0554683229,2019-03-03,Evan43,"18, Rue Ratavoux [ Volx ]",SILVA-Evan@yahoo.com,1956-01-01,
RICHARDS,Evan,33,0705570864,2017-08-12,Evan71,"228, Rue Saint-Clair [ Saint-Étienne-les-Orgues ]",RICHARDS-Evan@outlook.com,1953-11-13,2017-10-15 08:21:29
WILLIS,Julia,33,0475528658,2018-06-13,,"3B, Rue Traversière [ Barcelonnette ]",,2005-02-08,
MATTHEWS,Lenny,33,0171356527,2012-02-04,,"298, Love [ Saint-Michel-l'Observatoire ]",,1993-04-20,
CHAPMAN,Léonie,33,0644303249,2020-08-29,Léonie35,,CHAPMAN-Léonie@yahoo.com,1970-02-04,2020-12-10 06:55:04
LAWRENCE,Lou,33,0732151904,2010-03-26,,"4, Rue Victorin Camoin [ Digne-les-Bains ]",,1964-06-23,
GARZA,Malo,33,0536438340,2013-12-11,,"5, Rue Paul Cézanne [ Château-Arnoux-Saint-Auban ]",,1997-05-26,
VARGAS,Marceau,33,0364688458,2014-12-13,,"10, Rue du Gypse [ Digne-les-Bains ]",,1976-12-10,
WATKINS,Mya,33,0787304227,2019-05-20,,,,1990-10-21,
WHEELER,Noé,33,0349285510,2014-09-26,Noé74,"24, Grande Rue [ Puimichel ]",WHEELER-Noé@gmail.com,1967-05-09,2015-04-06 15:23:11
LARSON,Soan,33,0492537273,2020-02-20,Soan58,"38BIS, Avenue Demontzey [ Digne-les-Bains ]",LARSON-Soan@outlook.com,1993-04-16,2020-06-22 16:39:46
CARLSON,Sofia,33,0678264038,2019-05-18,Sofia73,"2, Rue Émile Latil [ Oraison ]",CARLSON-Sofia@outlook.com,1991-12-12,2020-08-21 09:44:50
HARPER,Timéo,33,0171348185,2017-03-11,Timéo9,"89, Avenue des Savels [ Manosque ]",HARPER-Timéo@gmail.com,1960-05-18,2020-05-18 20:39:15
GEORGE,Valentin,33,0181014005,2019-08-20,,,,1964-12-04,
GREENE,Aaron,33,0435927842,2010-08-04,Aaron6,"585, Avenue Saint-Maurice [ Manosque ]",GREENE-Aaron@outlook.com,2011-05-20,2012-08-26 15:30:03
BURKE,Antoine,33,0672536075,2018-05-30,,"16, Chemin des Mélanes [ Oraison ]",BURKE-Antoine@outlook.com,1985-03-23,2020-04-04 13:34:04
GUZMAN,Antonin,33,0906952286,2015-08-01,,"337, Route du Vieux Bras [ Bras-d'Asse ]",,2004-03-05,
MORRISON,Aya,33,0051662356,2010-05-31,Aya61,,MORRISON-Aya@outlook.com,1981-01-12,2013-09-29 01:17:43
MUNOZ,Baptiste,33,0384034904,2011-07-26,Baptiste75,"18, Rue Font-Chaude [ Sisteron ]",MUNOZ-Baptiste@gmail.com,1991-05-04,2012-11-10 05:09:22
JACOBS,Charles,33,0566220900,2020-02-28,Charles87,"1900, Route de Saint-Jean [ Mison ]",JACOBS-Charles@gmail.com,2007-11-25,2020-08-25 10:29:13
OBRIEN,Clémence,33,0560919519,2019-02-23,,"45, Avenue Marcel André [ Forcalquier ]",,1958-03-12,
LAWSON,Côme,33,0765294322,2015-09-22,Côme80,,LAWSON-Côme@yahoo.com,2005-03-11,2017-12-20 15:20:51
FRANKLIN,Gaspard,33,0565630339,2015-02-14,Gaspard84,"134, Lotissement Toutes Aures [ Manosque ]",FRANKLIN-Gaspard@yahoo.com,1991-09-12,2020-11-15 05:22:53
LYNCH,Ilyes,33,0527177038,2016-08-26,,"11, Rue de la Liberté [ Céreste ]",,1983-02-05,
BISHOP,Léna,33,0383433531,2011-10-03,,"7, Chemin de Rumpecuou [ Allemagne-en-Provence ]",BISHOP-Léna@yahoo.com,1997-07-13,
CARR,Lise,33,0785435267,2020-09-19,,"23BIS, Rue des Genêts [ Peyruis ]",CARR-Lise@yahoo.com,1968-09-16,2020-09-24 20:00:43
SALAZAR,Lyna,33,0133371023,2017-05-05,,,,1991-08-14,
AUSTIN,Marius,33,0210871732,2016-09-06,Marius91,"24, Route du Camping [ Château-Arnoux-Saint-Auban ]",AUSTIN-Marius@outlook.com,2016-09-25,2018-12-31 22:49:25
MENDEZ,Olivia,33,0364864595,2013-09-04,Olivia16,"1617, Route de Forcalquier [ Villeneuve ]",MENDEZ-Olivia@outlook.com,2002-09-18,
GILBERT,Sofia,33,0040469109,2016-01-25,Sofia11,,GILBERT-Sofia@outlook.com,2003-07-02,2019-07-13 14:48:09
JENSEN,Tiago,33,0684550689,2013-04-13,Tiago10,"74, Impasse de l'Aubépine [ Manosque ]",JENSEN-Tiago@gmail.com,1997-06-04,
WILLIAMSON,Victoire,33,0705032718,2013-05-17,,"85, Rue Félicien Bec [ Manosque ]",,2005-06-21,
MONTGOMERY,Victoria,33,0098881997,2017-06-05,Victoria70,"137, Allée de la Durance [ Manosque ]",MONTGOMERY-Victoria@outlook.com,1970-04-07,
HARVEY,Alya,33,0819766449,2012-09-24,,"125, Rue Notre-Dame [ Sisteron ]",,2001-02-28,
OLIVER,Anaïs,33,0000891097,2018-10-20,,"1, Impasse des Marnes [ Peipin ]",OLIVER-Anaïs@outlook.com,1966-01-27,
HOWELL,Apolline,33,0698058000,2018-05-08,,"480, Montée du Pain de Sucre [ Manosque ]",HOWELL-Apolline@outlook.com,1998-09-23,
DEAN,Augustin,33,0792161530,2010-02-01,,,,1992-01-31,
HANSON,Axel,33,0576434971,2013-09-29,,"10BIS, Avenue des Serrets [ Manosque ]",,1984-01-20,
WEBER,Benjamin,33,0357649744,2016-07-10,Benjamin86,"46, Rue de la Badasse [ Sainte-Tulle ]",WEBER-Benjamin@outlook.com,1961-03-20,2017-03-09 07:29:04
GARRETT,Charlie,33,0222916056,2017-06-27,Charlie52,"3, Place du Bon Vent [ Peipin ]",GARRETT-Charlie@yahoo.com,1977-10-06,2018-11-26 21:39:40
SIMS,Clara,33,0516727567,2020-01-21,Clara35,,SIMS-Clara@yahoo.com,1993-06-18,2020-09-18 07:57:33
BURTON,Elena,33,0554880408,2017-03-04,Elena65,,BURTON-Elena@gmail.com,1966-06-10,2017-07-11 08:56:30
FULLER,Emy,33,0603773084,2010-02-12,Emy64,"215, Chemin du Thuve [ Oraison ]",FULLER-Emy@outlook.com,1993-09-07,2020-06-22 21:48:55
SOTO,Inaya,33,0222731103,2020-10-03,,"1, Boulevard de la Paix [ Château-Arnoux-Saint-Auban ]",,2005-05-27,
MCCOY,Iris,33,0338526836,2016-07-04,,"15, Rue du Coulet [ Roumoules ]",,1973-11-22,
WELCH,Lenny,33,0661934805,2015-01-24,Lenny59,"121, Le Village Montagnac [ Montagnac-Montpezat ]",WELCH-Lenny@gmail.com,1959-09-19,
CHEN,Luna,33,0910925615,2012-06-03,,,,1989-02-18,
SCHULTZ,Lyam,33,0414824131,2012-03-15,,,,1956-05-21,
WALTERS,Maria,33,0850343192,2020-09-19,Maria5,"39, La Baume Nord [ Sisteron ]",WALTERS-Maria@gmail.com,1984-11-13,2021-04-30 09:45:20
REID,Marie,33,0512422730,2020-04-03,Marie77,,REID-Marie@gmail.com,2000-06-22,2020-11-17 22:57:36
FIELDS,Mathias,33,0252090371,2018-02-23,Mathias55,"16BIS, Rue Claude Debussy [ Château-Arnoux-Saint-Auban ]",FIELDS-Mathias@outlook.com,2013-06-16,2020-11-24 12:47:50
WALSH,Mia,33,0477923382,2020-07-07,,"1, Rue du Four [ Saint-Martin-de-Brômes ]",,2004-09-10,
LITTLE,Mia,33,0464796251,2020-03-05,Mia74,"9, Avenue Abdon Martin [ Oraison ]",LITTLE-Mia@gmail.com,2007-03-13,2020-08-17 03:06:08
FOWLER,Mohamed,33,0753102339,2011-01-15,Mohamed6,"57, CHAMPOURCIN [ Digne-les-Bains ]",FOWLER-Mohamed@gmail.com,1974-01-14,2012-05-23 20:25:53
BOWMAN,Mohamed,33,0955519333,2014-09-11,Mohamed61,"29, Chemin du Rouveyret [ Digne-les-Bains ]",BOWMAN-Mohamed@outlook.com,2014-07-10,2017-04-24 04:04:02
DAVIDSON,Mya,33,0914413391,2019-12-08,Mya86,,DAVIDSON-Mya@yahoo.com,1961-10-23,
MAY,Nina,33,0235230895,2011-03-13,Nina81,"1, Chemin des Bedauches [ Reillanne ]",MAY-Nina@gmail.com,2000-01-10,2017-02-06 11:54:21
DAY,Rayan,33,0784312041,2019-08-01,,,DAY-Rayan@yahoo.com,1961-10-13,2020-07-07 05:21:10
SCHNEIDER,Rayan,33,0553308751,2010-08-10,Rayan25,,SCHNEIDER-Rayan@yahoo.com,1961-11-21,
NEWMAN,Salomé,33,0915551272,2020-03-18,Salomé85,"60, Lotissement La Clé des Champs [ Oraison ]",NEWMAN-Salomé@yahoo.com,1965-03-13,2020-10-30 14:52:45
BREWER,Salomé,33,0686047714,2015-10-29,,"191, Rue du Four [ Estoublon ]",,2008-03-03,
LUCAS,Samuel,33,0277067923,2011-12-31,Samuel52,"35, Rue des Tulipes [ Manosque ]",LUCAS-Samuel@yahoo.com,1996-10-03,
HOLLAND,Sohan,33,0285996099,2018-09-01,,"2, Lotissement l'Ensoleillado [ Villeneuve ]",,1955-03-07,
WONG,Théa,33,0692335198,2010-08-25,,"342, Chemin de Bertrand [ Dauphin ]",,1948-04-07,
BANKS,Adèle,33,0762973414,2019-01-22,Adèle10,"4, Rue de la Paix [ Valensole ]",BANKS-Adèle@yahoo.com,1986-02-20,2020-08-21 18:00:32
SANTOS,Adèle,33,0542500949,2017-01-09,Adèle80,"53, Rue des Remparts [ Roumoules ]",SANTOS-Adèle@outlook.com,1995-07-23,2020-04-27 15:39:26
CURTIS,Alexandre,33,0577653804,2016-07-07,Alexandre88,"121, Chemin du Stade [ Villeneuve ]",CURTIS-Alexandre@outlook.com,1992-07-25,
PEARSON,Alicia,33,0712059635,2013-08-16,,"3, Chemin de Valbelle [ Peipin ]",PEARSON-Alicia@gmail.com,2008-02-06,2014-06-10 15:47:40
DELGADO,Ambre,33,0889792719,2012-10-21,,,,1960-03-07,
VALDEZ,Anna,33,0537886478,2010-08-01,Anna0,"1, Chemin du Verger [ Barcelonnette ]",VALDEZ-Anna@gmail.com,1963-03-02,2014-03-26 13:58:50
PENA,Antonin,33,0676438079,2015-09-16,,"142, Rue des Bellarots [ Jausiers ]",,1990-11-25,
RIOS,Apolline,33,0501705084,2017-08-28,Apolline95,"250, Avenue de la Repasse [ Manosque ]",RIOS-Apolline@outlook.com,1995-04-27,2021-03-30 05:32:28
DOUGLAS,Assia,33,0284183207,2018-09-17,,"14, Avenue Paul Martin [ Digne-les-Bains ]",,1975-10-16,
SANDOVAL,Auguste,33,0901385366,2011-10-18,Auguste74,"36, Rue de la Frâche [ Pierrevert ]",SANDOVAL-Auguste@yahoo.com,1997-12-06,2016-10-18 13:43:09
BARRETT,Augustin,33,0766194131,2015-05-01,Augustin13,"66, Rue des Ormes [ Forcalquier ]",BARRETT-Augustin@gmail.com,1955-02-28,2019-10-03 04:41:52
HOPKINS,Aya,33,0436533383,2018-04-28,,"46, Grand Rue [ Champtercier ]",,1983-08-27,
KELLER,Basile,33,0718949791,2014-12-04,Basile4,"8, Rue des Écuries [ Entrevaux ]",KELLER-Basile@yahoo.com,1973-04-20,2015-06-29 06:03:49
GUERRERO,Basile,33,0588256796,2011-07-06,,"292, Rue du Colonel Jean Vial [ Manosque ]",,1979-12-09,
STANLEY,Charlie,33,0467982427,2019-02-11,Charlie4,"12, Montée Saint-Charles [ Digne-les-Bains ]",STANLEY-Charlie@gmail.com,1964-04-23,2021-05-18 03:06:14
BATES,Charly,33,0056999465,2012-03-13,Charly86,,BATES-Charly@gmail.com,1964-11-18,
ALVARADO,Côme,33,0503242709,2010-03-05,,"730, Chemin Paul-Martin Nalin [ Manosque ]",ALVARADO-Côme@yahoo.com,1957-07-08,2021-01-17 22:11:22
BECK,Constance,33,0991970437,2015-05-19,,"6, Chemin du Pesquier [ Aiglun ]",,1964-09-10,
ORTEGA,Elena,33,0058809513,2015-05-23,Elena79,"7, Avenue Frédéric Mistral [ Château-Arnoux-Saint-Auban ]",ORTEGA-Elena@gmail.com,2008-09-04,2017-10-03 12:08:48
WADE,Elio,33,0846165480,2013-03-13,Elio37,"26, Residence du Lac [ Gréoux-les-Bains ]",WADE-Elio@yahoo.com,1978-04-20,2015-11-28 14:07:11
ESTRADA,Evan,33,0447183895,2013-02-17,,"9, Rue Auguste Amic [ Oraison ]",ESTRADA-Evan@gmail.com,1960-04-25,
CONTRERAS,Giulia,33,0407231457,2018-10-18,Giulia53,,CONTRERAS-Giulia@gmail.com,2013-05-16,2020-04-18 23:55:46
BARNETT,Inaya,33,0742071057,2011-09-20,,"91, Impasse des Davis-Bas [ Jausiers ]",BARNETT-Inaya@gmail.com,2009-10-25,2012-09-06 07:18:19
CALDWELL,Justine,33,0767434969,2011-04-08,Justine1,,CALDWELL-Justine@outlook.com,1975-04-03,
SANTIAGO,Léandre,33,0890231514,2015-07-12,,"79, Rue Saint-Barthélémy [ La Motte-du-Caire ]",,1977-09-27,
LAMBERT,Lilou,33,0099967149,2016-01-12,Lilou29,"716, Chemin du Plan [ Volonne ]",LAMBERT-Lilou@gmail.com,1986-02-08,2016-10-07 05:47:05
POWERS,Lisa,33,0775658658,2010-09-30,Lisa66,"2411, Route de Marseille [ Manosque ]",POWERS-Lisa@outlook.com,1960-09-13,
CHAMBERS,Lucien,33,0688004847,2013-12-06,,"29, Rue des Fontaines [ Lardiers ]",,1974-07-20,
NUNEZ,Maëlys,33,0749799274,2017-05-08,,,,1995-08-06,
CRAIG,Marceau,33,0530426051,2015-01-23,,"4, Rue de Savoie [ Barcelonnette ]",CRAIG-Marceau@gmail.com,1986-11-08,2015-06-30 20:52:10
LEONARD,Margot,33,0042679236,2010-05-23,Margot76,"10, Impasse de la Fontaine des Malades [ Malijai ]",LEONARD-Margot@gmail.com,1948-06-03,2011-12-08 02:03:15
LOWE,Mathéo,33,0282679615,2019-08-02,,"406, Chemin Augustin Moynier [ Mallemoisson ]",,1986-11-28,
RHODES,Maxence,33,0109006170,2012-02-21,,"1237, Route des Jardins [ Mison ]",,1973-06-03,
BYRD,Maxime,33,0277277555,2014-02-15,Maxime47,"50, Allée François Granet [ Manosque ]",BYRD-Maxime@outlook.com,1967-02-10,2014-08-14 13:00:33
GREGORY,Méline,33,0480809904,2018-06-05,,"82, Chemin Paul-Martin Nalin [ Manosque ]",,2000-12-09,
SHELTON,Naël,33,0124051767,2020-01-31,Naël3,"251, Le Village [ Thoard ]",SHELTON-Naël@outlook.com,1961-07-09,2020-10-20 04:55:12
FRAZIER,Nino,33,0795082309,2010-10-28,,"1194, Le Jas [ Château-Arnoux-Saint-Auban ]",,1974-12-01,
BECKER,Noa,33,0201737762,2016-12-06,,"1, Rue de la Fontaine Samson [ Riez ]",BECKER-Noa@gmail.com,1959-07-23,2019-06-19 20:41:04
MALDONADO,Nolan,33,0889608151,2015-10-15,Nolan2,"181, Chemin du Plan [ Le Brusquet ]",MALDONADO-Nolan@outlook.com,1975-08-10,2019-01-31 04:00:32
FLEMING,Sofia,33,0436041724,2017-03-19,Sofia45,"265, Chemin des Ecoliers [ Turriers ]",FLEMING-Sofia@gmail.com,1974-01-17,2020-01-03 10:39:45
VEGA,Tiago,33,0741737545,2019-10-10,,"39, Rue des Albizias [ Sainte-Tulle ]",,2008-03-24,
SUTTON,Valentine,33,0147350275,2010-12-23,Valentine28,"27, Cours Saint-Louis [ Valensole ]",SUTTON-Valentine@outlook.com,1955-04-06,2019-03-19 11:59:30
COHEN,Victoria,33,0536806476,2010-06-02,Victoria22,"23, Chemin du Rouquets [ Digne-les-Bains ]",COHEN-Victoria@yahoo.com,1976-03-13,
JENNINGS,Adèle,33,0282369488,2016-09-05,Adèle39,"8, Place Neuve [ Riez ]",JENNINGS-Adèle@gmail.com,1991-05-11,2017-04-05 17:06:54
PARKS,Adrien,33,0124760787,2011-01-20,,,,1953-05-29,
MCDANIEL,Amélia,33,0631473186,2017-05-07,Amélia55,"9, Chemin des Coteaux [ Pierrevert ]",MCDANIEL-Amélia@yahoo.com,1983-11-20,2017-07-16 01:41:13
WATTS,Amine,33,0944480068,2012-06-06,,,WATTS-Amine@outlook.com,1995-12-24,2021-04-16 16:22:17
BARKER,Camille,33,0761915395,2018-12-07,,"419, Blaches Gombert [ Château-Arnoux-Saint-Auban ]",,1990-06-01,
NORRIS,Céleste,33,0105386802,2017-05-02,Céleste5,"25, Boulevard Saint-Joseph [ Manosque ]",NORRIS-Céleste@yahoo.com,1985-12-28,
VAUGHN,Célestine,33,0520132348,2012-10-02,,"90, Les Clauses [ Niozelles ]",,1999-11-20,
VAZQUEZ,Charly,33,0611593453,2015-12-08,Charly24,"7, Impasse des Étoiles [ Peipin ]",VAZQUEZ-Charly@outlook.com,1970-01-07,2016-12-10 18:27:08
HOLT,Clément,33,0341375538,2009-12-18,,"87, Rue Maurice Favier [ Allemagne-en-Provence ]",,1991-01-14,
SCHWARTZ,David,33,0916283649,2011-05-03,,"65, Les Chabrands [ Valensole ]",,1959-12-22,
STEELE,Diego,33,0071564167,2019-05-08,,"38, Avenue de Saint-Benoit [ Digne-les-Bains ]",STEELE-Diego@outlook.com,1992-10-09,
BENSON,Elias,33,0729692760,2012-03-21,Elias27,"115, Place de la Mairie [ Faucon-de-Barcelonnette ]",BENSON-Elias@yahoo.com,1991-08-12,2012-09-30 01:59:25
NEAL,Elio,33,0991045192,2014-10-03,,,,2003-11-07,
DOMINGUEZ,Elisa,33,0312488558,2019-04-15,Elisa40,"42, Saint-Michel [ Bevons ]",DOMINGUEZ-Elisa@yahoo.com,1971-07-13,
HORTON,Elsa,33,0936888194,2018-01-06,,,,1976-07-21,
TERRY,Enzo,33,0678109140,2010-09-16,Enzo61,"1, Rue Violette [ Forcalquier ]",TERRY-Enzo@outlook.com,2004-10-29,2012-05-16 12:12:13
WOLFE,Ilyes,33,0109617991,2013-12-17,,"60, Route du Chaffaut [ Digne-les-Bains ]",,2006-01-31,
HALE,Inès,33,0821841999,2019-10-14,,"169, Rue des Cerisiers [ Allos ]",,1985-02-11,
LYONS,Ismaël,33,0181881360,2015-12-23,Ismaël15,"8, Rue Abbé Almérad [ Digne-les-Bains ]",LYONS-Ismaël@outlook.com,1985-10-21,2020-12-20 21:21:54
GRAVES,Kenzo,33,0812954766,2012-12-26,Kenzo19,"7T, Avenue du Colonel Noël [ Digne-les-Bains ]",GRAVES-Kenzo@outlook.com,1990-10-09,2021-03-15 05:45:16
HAYNES,Léana,33,0520270009,2018-06-03,Léana93,,HAYNES-Léana@outlook.com,1997-06-23,
MILES,Léopold,33,0368430914,2010-02-01,Léopold34,"608, Avenue des Mexicains [ Jausiers ]",MILES-Léopold@outlook.com,1985-07-13,2019-05-04 10:42:21
PARK,Lily,33,0968630646,2017-05-21,Lily66,"1, Avenue Paul Arène [ Château-Arnoux-Saint-Auban ]",PARK-Lily@yahoo.com,1962-04-30,
WARNER,Lisa,33,0782233240,2014-05-14,Lisa85,"147, CHAMPOURCIN [ Digne-les-Bains ]",WARNER-Lisa@gmail.com,1950-05-21,2020-10-30 18:09:03
PADILLA,Louisa,33,0431205215,2014-08-20,,"12, Place de la Libération [ Saint-Martin-de-Brômes ]",,1997-09-01,
BUSH,Marcel,33,0378690896,2020-01-31,Marcel2,"9, Rue des Barricades [ Peyruis ]",BUSH-Marcel@gmail.com,1992-05-19,2021-04-15 12:21:50
THORNTON,Margaux,33,0517116246,2019-07-04,,"2, Rue des Amandiers [ Mison ]",,1966-10-21,
MCCARTHY,Maria,33,0164943630,2012-03-05,Maria16,"212, La Coste [ Simiane-la-Rotonde ]",MCCARTHY-Maria@gmail.com,1979-03-09,
MANN,Marie,33,0076995126,2010-02-23,Marie46,"219, Chemin du Thuve [ Oraison ]",MANN-Marie@yahoo.com,1956-09-29,2014-03-14 19:50:44
ZIMMERMAN,Mathilde,33,0932977029,2018-09-15,,"6, Route du Camping [ Château-Arnoux-Saint-Auban ]",,1984-09-01,
ERICKSON,Milan,33,0263027875,2020-10-23,,"21, Avenue de la Durance [ Sisteron ]",,1981-05-31,
FLETCHER,Mohamed,33,0828092965,2010-09-08,Mohamed47,"37, Route de la Bastide des Jourdans [ Pierrevert ]",FLETCHER-Mohamed@outlook.com,2003-12-24,
MCKINNEY,Naïm,33,0742703236,2013-03-02,Naïm69,"12, Rue Quintrand [ Manosque ]",MCKINNEY-Naïm@outlook.com,1988-08-06,2013-09-01 09:09:08
PAGE,Naïm,33,0388022310,2010-03-29,,"116, Les Bourres [ Thoard ]",,1948-04-28,
DAWSON,Noah,33,0402197887,2013-06-18,,"1BIS, Rue des Cigales [ Peyruis ]",DAWSON-Noah@gmail.com,1980-01-02,
JOSEPH,Océane,44,08862168718,2019-01-20,,BROTHERSHIELS FARM [ MIDLOTHIAN ],,1984-06-02,
MARQUEZ,Olivia,44,05247828672,2020-08-29,Olivia54,HUDDERSFIELD ROAD [ BARNSLEY ],MARQUEZ-Olivia@outlook.com,2016-04-29,2020-12-06 06:52:30
REEVES,Samuel,44,04066054373,2015-09-17,Samuel88,ELLERBURN HOUSE [ HUBY ],REEVES-Samuel@gmail.com,1963-02-25,
KLEIN,Wassim,44,01957672152,2013-03-29,Wassim30,DRUMBROGHAS NORTH [ CO FERMANAGH ],KLEIN-Wassim@gmail.com,1988-03-23,2019-09-22 05:41:05
ESPINOZA,Youssef,44,04311550733,2017-10-03,Youssef55,C/O PALMER RILEY 1ST FLOOR UNIT E2 [ FAREHAM ],ESPINOZA-Youssef@gmail.com,1998-12-30,2019-07-13 05:21:15
BALDWIN,Alexis,44,04513809910,2017-09-27,Alexis59,30 ST GILES [ OXFORDSHIRE ],BALDWIN-Alexis@outlook.com,1995-02-14,2018-06-13 18:15:24
MORAN,Alix,44,08861593419,2015-10-23,Alix75,MASON COURT GILLAN WAY [ PENRITH ],MORAN-Alix@yahoo.com,1966-04-20,2017-12-25 08:09:12
LOVE,Amélia,44,04527072596,2014-05-02,Amélia37,NEWLAND FAWR FARM NEWLAND FAWR FARM [ BRIDGEND ],LOVE-Amélia@outlook.com,1980-07-09,2019-11-20 23:55:38
ROBBINS,Arsène,44,08201119156,2017-12-02,Arsène40,32 MAIN STREET [ NOTTINGHAM ],ROBBINS-Arsène@gmail.com,2002-05-02,2019-07-16 04:37:43
HIGGINS,Assia,44,07515084556,2010-08-14,,C/O O'MEARA FITZMAURICE & CO [ BRIMSTAGE ROAD ],,1964-04-17,
BALL,Auguste,44,00447979930,2011-05-14,,LYNFIELD MALDON ROAD [ INGATESTONE ],,1964-03-16,
CORTEZ,Basile,44,09501291614,2014-07-20,,24B GWS INDUSTRIAL ESTATE [ WEDNESBURY ],,1958-03-02,
LE,Charles,44,02725803559,2019-07-08,,EMSTREY HOUSE NORTH [ SHREWSBURY ],,1984-11-02,
GRIFFITH,Charlie,44,08421237219,2020-10-19,Charlie77,UNITS 5/6 VERNON MILL MERSEY STREET [ STOCKPORT ],GRIFFITH-Charlie@gmail.com,2008-12-30,2021-01-28 19:27:45
BOWEN,Charline,44,01767297184,2013-09-10,Charline27,6 MIDDLEFIELD ROAD [ FALKIRK ],BOWEN-Charline@gmail.com,1996-06-13,
SHARP,Clémence,44,08217779663,2015-02-07,Clémence62,24 DOWNSVIEW [ KENT ],SHARP-Clémence@gmail.com,1977-09-30,2020-02-01 06:57:20
CUMMINGS,David,44,02565426734,2014-06-18,,ALBION HOUSE [ HORSHAM ],,1989-02-25,
RAMSEY,Elias,44,00194712841,2014-12-22,Elias25,,RAMSEY-Elias@yahoo.com,1977-03-13,2018-10-18 20:45:36
HARDY,Elio,44,08581504404,2020-09-29,Elio4,163 CUSWORTH LANE [ DONCASTER ],HARDY-Elio@yahoo.com,1966-11-28,2021-01-23 19:24:30
SWANSON,Eliott,44,00322675393,2020-09-21,,5 PEACH STREET [ HEANOR ],,1959-07-27,
BARBER,Elisa,44,02041538396,2015-06-19,,"WARDS COURT, 203 ECCLESALL ROAD [ SOUTH YORKSHIRE ]",BARBER-Elisa@yahoo.com,1998-03-28,2016-12-13 19:49:48
ACOSTA,Ezio,44,01656953987,2011-04-27,,,,1978-06-07,
LUNA,Faustine,44,04869581803,2012-05-14,Faustine37,35 BOUVERIE SQUARE [ FOLKESTONE ],LUNA-Faustine@outlook.com,1951-10-19,
CHANDLER,Giulia,44,03491944737,2020-05-12,,44 ALBERT ROAD [ CARRICKFERGUS ],,1969-06-23,
BLAIR,Gustave,44,08410290091,2015-09-16,Gustave19,27 LIME TREE LANE [ HULL ],BLAIR-Gustave@gmail.com,2000-01-01,2019-07-09 11:49:06
DANIEL,Ilyes,44,02590861969,2010-09-26,Ilyes86,LYNTON HOUSE [ LONDON ],DANIEL-Ilyes@outlook.com,1962-07-13,2011-06-18 21:40:43
CROSS,Jonas,44,00780120746,2015-05-27,Jonas53,1-43 MIYAHARA 4-CHOME [ OSAKA ],CROSS-Jonas@gmail.com,1975-01-15,2015-07-17 17:20:18
SIMON,Joseph,44,02802100295,2013-09-16,,48 WEST STREET [ WALSALL ],,1988-03-24,
DENNIS,Justine,44,09473781254,2010-08-11,Justine37,MASON COURT GILLAN WAY [ PENRITH ],DENNIS-Justine@gmail.com,1988-12-27,2020-05-12 22:52:09
OCONNOR,Kaïs,44,01801588791,2020-08-31,,,,1988-03-20,
QUINN,Kylian,44,07876560293,2017-05-13,,,,1980-11-10,
GROSS,Léana,44,06765565008,2011-10-04,Léana52,,GROSS-Léana@yahoo.com,1980-06-30,2019-03-13 04:21:09
NAVARRO,Lison,44,07455467054,2018-01-23,Lison13,32 MAIN STREET [ NOTTINGHAM ],NAVARRO-Lison@outlook.com,1989-02-20,
MOSS,Logan,44,01584790968,2017-02-26,Logan75,,MOSS-Logan@outlook.com,1957-12-05,2019-12-28 09:37:49
FITZGERALD,Lya,44,07934990498,2014-05-06,Lya84,32 MAIN STREET [ NOTTINGHAM ],FITZGERALD-Lya@gmail.com,1982-07-15,2020-06-04 10:24:10
DOYLE,Lyna,44,06985928474,2011-07-17,,13 FAIRCLOUGH RD [ BLACKPOOL ],,1972-10-02,
MCLAUGHLIN,Maëlys,44,00943718711,2015-06-28,Maëlys21,,MCLAUGHLIN-Maëlys@gmail.com,1997-07-13,2018-09-20 13:21:59
ROJAS,Marceau,44,06833365430,2015-01-26,Marceau28,4 KING EDWARDS COURT [ SUTTON COLDFIELD ],ROJAS-Marceau@yahoo.com,1979-08-07,2018-08-11 10:23:51
RODGERS,Marcel,44,04636694368,2016-09-12,,GUNAVALLA [ SULLOM ],,1961-04-02,
STEVENSON,Margot,44,05605362741,2011-06-26,Margot44,SOUTHLANDS MEIDREM ROAD [ CARMARTHEN ],STEVENSON-Margot@yahoo.com,2005-06-02,
SINGH,Marie,44,03513165073,2019-04-05,,ELLERBURN HOUSE [ HUBY ],,1999-02-05,
YANG,Mathilde,44,03273801399,2010-01-12,,14 THE OAKS [ REDDITCH ],,1970-03-22,
FIGUEROA,Maxence,44,00619996355,2016-02-23,,17 GREEN HILL [ WORCESTER ],FIGUEROA-Maxence@yahoo.com,1982-11-06,2020-08-24 17:14:36
HARMON,Mélina,44,07563921447,2010-12-30,Mélina18,,HARMON-Mélina@yahoo.com,1975-03-05,2019-02-28 09:58:15
NEWTON,Milo,44,03173728193,2014-12-19,,,,1995-05-18,
PAUL,Myla,44,03703098865,2018-06-13,Myla27,19 GREENBANK [  ],PAUL-Myla@gmail.com,1964-03-25,
MANNING,Myla,44,02963142567,2020-08-02,Myla9,STONEBRIGGS [ CUMNOCK ],MANNING-Myla@gmail.com,1957-08-24,2020-12-02 19:46:24
GARNER,Naïm,44,09489690679,2014-05-30,Naïm58,,GARNER-Naïm@gmail.com,1961-02-17,2017-05-11 16:32:13
MCGEE,Nino,44,00060946878,2013-08-07,,7 JOSEPH CREIGTON CLOSE [ COVENTRY ],,1967-04-20,
REESE,Noémie,44,02403682512,2013-10-05,Noémie95,3 LUCERNE COURT 3 LUCERNE COURT [ BECKENHAM ],REESE-Noémie@outlook.com,2008-04-24,2015-10-05 03:03:25
FRANCIS,Nolan,44,07595946377,2013-08-22,Nolan75,RIVERSIDE VIEW [ OLD BASING ],FRANCIS-Nolan@yahoo.com,2007-09-19,2017-02-14 08:35:00
BURGESS,Rayan,44,03285470902,2012-03-05,,,BURGESS-Rayan@gmail.com,1978-10-25,2014-05-21 11:31:54
ADKINS,Romane,44,05306873524,2017-03-03,Romane93,4 BRACKLEY CLOSE [ CHRISTCHURCH ],ADKINS-Romane@outlook.com,2006-04-28,
GOODMAN,Romy,44,01723261340,2019-12-11,,12 HATHERLEY ROAD [ SIDCUP ],,1965-05-11,
CURRY,Soline,44,07892230914,2016-12-03,,,,1963-04-26,
BRADY,Soline,44,07605620214,2014-01-02,Soline46,24C DROMORE ROAD [ OMAGH ],BRADY-Soline@outlook.com,2011-10-26,2019-10-01 10:33:18
CHRISTENSEN,Soline,44,06072661097,2016-09-09,Soline55,161 PRESTON ROAD [ LYTHAM ST. ANNES ],CHRISTENSEN-Soline@outlook.com,1962-05-19,2019-03-27 08:52:28
POTTER,Thomas,44,05182454980,2016-03-14,,ASHCROFT HOUSE ERVINGTON COURT [ LEICESTER ],POTTER-Thomas@outlook.com,1962-11-19,
WALTON,Thomas,44,04571572567,2013-07-02,Thomas59,208A ROUNDHAY ROAD [ LEEDS ],WALTON-Thomas@outlook.com,1951-12-04,2015-07-17 15:04:31
GOODWIN,Tiago,44,02175093538,2011-04-10,,59 UNION STREET [ DUNSTABLE ],GOODWIN-Tiago@outlook.com,1997-01-07,2012-03-16 08:01:45
MULLINS,Timothé,44,01713369027,2013-12-10,Timothé66,P O BOX 761 [ PINNER ],MULLINS-Timothé@outlook.com,2014-08-12,
MOLINA,Valentine,44,07236672757,2016-04-02,Valentine44,RAMSDEN MILLS BRITANNIA ROAD [ HUDDERSFIELD ],MOLINA-Valentine@gmail.com,2016-09-02,
WEBSTER,Zakaria,44,07796813460,2014-03-10,,,,1953-05-04,
FISCHER,Zélie,44,00152428897,2015-11-01,,47 MORLAND CLOSE [ HAMPTON ],,1987-06-12,
CAMPOS,Abel,44,09987378200,2017-06-25,,CHERRY TREE COURT [ LEEK ],,1981-12-11,
AVILA,Achille,44,04477807590,2019-03-03,,MERRY TREE COTTAGE [ NEWCASTLE UNDER LYME ],,1972-06-15,
SHERMAN,Adem,44,01751144218,2019-10-06,,RegAddress.AddressLine1 [ RegAddress.PostTown ],,1984-07-11,
TODD,Adrien,44,02778038363,2017-07-12,,,,1993-04-08,
CHANG,Alessio,44,06623103791,2019-08-26,,21 CULNAFAY ROAD [  ],,1958-09-06,
BLAKE,Alexis,44,05481505916,2018-07-20,,DARTFORD BUSINESS PARK [ DARTFORD ],,2001-07-21,
MALONE,Ali,44,06053301153,2010-08-15,,5-6 LONG LANE [ ROWLEY REGIS ],MALONE-Ali@yahoo.com,1988-05-07,2019-12-14 14:35:57
WOLF,Ali,44,02115982620,2012-12-28,,LEEK ROAD HANLEY [ STAFFORDSHIRE ],,1985-02-09,
HODGES,Amélia,44,00570926769,2010-04-04,,24C DROMORE ROAD [ OMAGH ],,2006-07-16,
JUAREZ,Amina,44,00065826579,2019-10-08,Amina60,,JUAREZ-Amina@gmail.com,2001-04-02,2020-02-15 00:21:40
GILL,Amine,44,01331014721,2016-09-15,Amine28,"YORK ROAD, DONCASTER [ DONCASTER ]",GILL-Amine@outlook.com,1979-04-30,
FARMER,Arsène,44,01255759070,2019-01-21,Arsène13,,FARMER-Arsène@outlook.com,1965-06-09,2019-09-17 13:00:34
HINES,Bastien,44,06786232162,2019-03-03,,673 FINCHLEY ROAD [ LONDON ],,1955-09-04,
GALLAGHER,Charles,44,04396948361,2011-08-11,,26 HIGH STREET [ HASLEMERE ],,2008-04-08,
DURAN,Charlie,44,07483859182,2019-09-21,,LIDGRA HOUSE [ LONDON ],,2016-02-08,
HUBBARD,Elena,44,09047576523,2018-01-08,Elena54,HATHERTON HOUSE 11 PARKER COURT [ STAFFORD ],HUBBARD-Elena@gmail.com,1956-08-06,2019-07-19 08:32:31
CANNON,Eléna,44,08239205863,2015-01-01,Eléna64,T J MORRIS LIMITED PORTAL WAY AXIS BUSINESS PARK [ LIVERPOOL ],CANNON-Eléna@yahoo.com,1993-09-19,2018-06-05 17:42:57
MIRANDA,Eléna,44,00843824861,2019-03-28,Eléna30,"WHITEHILL, BILTING [ KENT ]",MIRANDA-Eléna@gmail.com,2014-10-07,
WANG,Eliot,44,03847778605,2014-08-21,Eliot9,OLD NORTHWICK FARMHOUSE [ WORCESTER ],WANG-Eliot@outlook.com,1960-08-30,2015-05-20 19:26:58
SAUNDERS,Elisa,44,04643139397,2014-03-04,,ONE [ LONDON ],SAUNDERS-Elisa@outlook.com,1956-01-21,2020-08-13 03:57:14
TATE,Emy,44,06994117114,2020-07-27,,19 ST. MARKS ROAD [ BURNTWOOD ],,2012-01-16,
MACK,Emy,44,08072588083,2017-03-20,,UNIT 20 HOPEWELL BUSINESS CENTRE [ CHATHAM ],,2016-04-15,
HAMMOND,Erwan,44,00961143606,2012-08-14,Erwan29,79 CAROLINE STREET [ BIRMINGHAM ],HAMMOND-Erwan@outlook.com,1988-10-20,2017-12-10 18:15:41
CARRILLO,Faustine,44,07192009034,2012-07-11,Faustine17,163 WELCOMES ROAD [ SURREY ],CARRILLO-Faustine@yahoo.com,1980-02-29,2013-07-18 23:04:17
TOWNSEND,Ibrahim,44,01947789939,2017-07-21,Ibrahim35,17 FARRINGTON WAY [ EASTWOOD ],TOWNSEND-Ibrahim@yahoo.com,2004-01-19,2021-02-13 03:01:14
WISE,Ilyan,44,05990270081,2011-04-06,Ilyan71,,WISE-Ilyan@yahoo.com,2005-11-09,2012-03-05 00:40:27
INGRAM,Ilyas,44,04972087507,2013-12-05,,774/776 BOROUGH ROAD [ BIRKENHEAD ],,1951-10-15,
BARTON,Iris,44,07071775118,2011-02-07,Iris59,,BARTON-Iris@yahoo.com,1984-09-30,2012-07-17 18:24:58
MEJIA,Jean,44,03076597059,2014-02-23,,3 THE PARKLANDS [ PENRITH ],,2011-11-04,
AYALA,Kaïs,44,07447773364,2012-08-02,,66 OUTRAM STREET [ NOTTINGHAMSHIRE ],,2002-01-16,
SCHROEDER,Kylian,44,01799499676,2016-09-02,,LIDGRA HOUSE [ LONDON ],,2008-05-01,
HAMPTON,Lana,44,05755246226,2019-12-10,Lana68,"2ND FLOOR, REGIS HOUSE, 45 [ LONDON ]",HAMPTON-Lana@gmail.com,1960-09-22,2021-01-15 21:14:26
ROWE,Lana,44,09640845256,2012-07-10,Lana46,1 POOLE ROAD [ DORSET ],ROWE-Lana@yahoo.com,1950-11-09,2021-05-20 00:25:44
PARSONS,Léon,44,01945397504,2014-07-12,Léon79,25 KENWYN ROAD [ LONDON ],PARSONS-Léon@outlook.com,2014-04-27,
FRANK,Lila,44,06464974105,2014-07-03,Lila65,RegAddress.AddressLine1 [ RegAddress.PostTown ],FRANK-Lila@yahoo.com,1987-07-22,2017-06-05 01:09:32
WATERS,Lilya,44,08016767282,2012-09-30,,"LINDRICK HOUSE, 205 OUTGANG LANE [ SHEFFIELD ]",,1959-01-19,
STRICKLAND,Lisa,44,03465843027,2017-05-01,Lisa84,163 CUSWORTH LANE [ DONCASTER ],STRICKLAND-Lisa@gmail.com,1961-11-20,2019-05-07 12:53:57
OSBORNE,Lise,44,04471288758,2014-02-12,Lise82,,OSBORNE-Lise@gmail.com,2002-05-02,
MAXWELL,Lorenzo,44,00401594392,2011-10-04,,397 ROMFORD ROAD [ LONDON ],MAXWELL-Lorenzo@gmail.com,1964-03-17,2017-04-01 15:46:38
CHAN,Lorenzo,44,00713780377,2012-09-01,,2 ROBERTS RD [ DONCASTER ],,1969-02-27,
DELEON,Louane,44,06262426031,2012-09-14,,YEW TREE COTTAGE SCOT LANE [ BRISTOL ],,2002-02-11,
NORMAN,Louka,44,06168316844,2013-10-24,,GRAYLAW HOUSE [ BEDFORD ],,1971-07-31,
HARRINGTON,Lucien,44,03692739866,2015-02-04,Lucien62,166 KILLYGLEN ROAD [ LARNE ],HARRINGTON-Lucien@outlook.com,1972-01-31,2017-05-24 14:04:12
CASEY,Lucy,32,061555888,2010-12-26,,"69, Rue de l'Elan [ Watermael-Boitsfort ]",CASEY-Lucy@yahoo.com,1952-05-16,2018-03-26 18:23:18
PATTON,Luka,32,01783418498,2016-07-24,,,,1958-12-03,
LOGAN,Mael,32,086041565,2020-07-06,Mael66,,LOGAN-Mael@gmail.com,2009-07-06,2020-10-19 16:04:06
BOWERS,Maïssa,32,043785356,2018-02-04,,"4, Boulevard d'Ypres [ Bruxelles ]",,2004-10-02,
MUELLER,Malo,32,01790656444,2012-04-05,Malo16,,MUELLER-Malo@yahoo.com,1959-09-17,
GLOVER,Marwa,32,01772963000,2015-08-13,Marwa51,"433, Rue des Palais Outre-Ponts [ Bruxelles ]",GLOVER-Marwa@gmail.com,2002-04-11,
FLOYD,Mathys,32,063917372,2010-08-09,Mathys53,,FLOYD-Mathys@outlook.com,1995-06-14,2018-11-12 18:06:00
HARTMAN,Maya,32,098062984,2014-12-05,,"16, Rue Rittweger [ Uccle ]",,1996-03-29,
BUCHANAN,Mehdi,32,049177504,2013-08-16,Mehdi84,"17, Avenue des Faons [ Uccle ]",BUCHANAN-Mehdi@gmail.com,1985-04-07,2014-02-27 02:41:58
COBB,Mehdi,32,088533849,2012-10-25,,"107, Chemin du Puits [ Uccle ]",COBB-Mehdi@gmail.com,1977-10-26,
FRENCH,Milo,32,01767342230,2017-10-25,Milo8,"5, Drève Pittoresque [ Uccle ]",FRENCH-Milo@gmail.com,1997-06-11,2020-11-29 18:47:07
KRAMER,Naël,32,01781659461,2019-10-24,,"2, Avenue des Bouleaux [ Watermael-Boitsfort ]",,1965-11-03,
MCCORMICK,Naël,32,086026728,2015-07-03,,"348, Chaussée de Wavre [ Etterbeek ]",,1960-12-10,
CLARKE,Naïla,32,016229473,2014-12-05,,,,1960-02-12,
TYLER,Noa,32,081001171,2011-05-17,Noa46,"87, Rue Rasson [ Schaerbeek ]",TYLER-Noa@yahoo.com,2008-11-29,2013-05-11 18:49:46
GIBBS,Noam,32,083498379,2017-08-14,,"83, Avenue de l'Opale [ Schaerbeek ]",,1979-11-20,
MOODY,Nour,32,01711163257,2015-08-14,Nour15,"177, Rue Théophile De Baisieux [ Bruxelles ]",MOODY-Nour@gmail.com,1997-08-20,2020-01-17 12:24:48
CONNER,Oscar,32,01738506777,2011-05-31,,"52, Rue Antoine Nys [ Anderlecht ]",,1962-07-03,
SPARKS,Quentin,32,062932197,2012-09-02,,"14, Rue des Touristes [ Watermael-Boitsfort ]",SPARKS-Quentin@outlook.com,2010-01-05,
MCGUIRE,Rafael,32,068075824,2014-05-23,Rafael40,,MCGUIRE-Rafael@outlook.com,1957-05-27,2015-12-12 18:36:24
LEON,Roxane,32,087017294,2019-08-04,Roxane28,"16, Rue de Linthout [ Schaerbeek ]",LEON-Roxane@yahoo.com,1994-06-30,2021-05-24 12:50:32
BAUER,Soan,32,045590877,2011-05-29,,"243, Rue François Gay [ Woluwe-Saint-Pierre ]",,1966-05-08,
NORTON,Théa,32,01719652355,2012-10-31,Théa22,"1, Avenue Impératrice Charlotte [ Bruxelles ]",NORTON-Théa@outlook.com,2010-05-21,2017-05-08 15:25:34
POPE,Théa,32,055366557,2013-04-03,,"12, Rue de Linthout [ Schaerbeek ]",,1971-12-20,
FLYNN,Tristan,32,01766109692,2015-06-19,,,,2009-07-26,
HOGAN,Wassim,32,01724052927,2012-09-07,,,,2003-12-19,
ROBLES,William,32,011171603,2014-03-04,,"841, Rue de Neerpede [ Anderlecht ]",ROBLES-William@gmail.com,1977-12-05,
SALINAS,Younes,32,002474975,2018-05-11,,,,2007-03-12,
YATES,Youssef,32,097158674,2012-05-01,Youssef33,"4, Avenue des Scarabées [ Bruxelles ]",YATES-Youssef@gmail.com,2000-03-20,2013-01-16 07:50:29
LINDSEY,Adel,32,020193434,2020-08-12,Adel54,"29, Rue Pannenhuis [ Jette ]",LINDSEY-Adel@gmail.com,1999-03-07,
LLOYD,Adem,32,036670261,2013-10-13,Adem3,,LLOYD-Adem@outlook.com,1991-04-23,
MARSH,Alban,32,056961570,2017-10-02,Alban14,"88, Rue Linné [ Saint-Josse-ten-Noode ]",MARSH-Alban@yahoo.com,2005-08-13,2019-07-12 00:46:36
MCBRIDE,Albane,32,01722936035,2015-03-12,,"50, Rue Médori [ Bruxelles ]",,1969-11-18,
OWEN,Alessio,32,01769414859,2015-03-30,,,,2000-08-07,
SOLIS,Alessio,32,027351241,2020-05-08,,"32, Rue de l'Aqueduc [ Saint-Gilles ]",SOLIS-Alessio@yahoo.com,1971-05-12,2020-06-13 04:06:00
PHAM,Alicia,32,01730714291,2019-05-28,Alicia17,,PHAM-Alicia@outlook.com,1992-09-10,
LANG,Aliyah,32,01751996458,2014-09-27,Aliyah15,"1A, Rue de l'Aurore [ Bruxelles ]",LANG-Aliyah@outlook.com,1992-02-10,2018-04-02 05:32:40
PRATT,Amina,32,01727645597,2017-06-10,,"16, Rue Rittweger [ Uccle ]",,2011-06-06,
LARA,Amir,32,077564132,2019-10-03,,,,2006-06-07,
BROCK,Amir,32,01788864480,2020-10-27,,"939, Chaussée de Haecht [ Evere ]",BROCK-Amir@gmail.com,1987-06-23,2021-04-02 01:43:16
BALLARD,Amira,32,070232440,2012-05-02,Amira34,"322, Chaussée de Ninove [ Anderlecht ]",BALLARD-Amira@yahoo.com,1970-10-05,2017-10-28 13:16:23
TRUJILLO,Ana,32,01754524332,2020-01-12,,"544, Boulevard de Smet de Naeyer [ Bruxelles ]",,1972-05-09,
SHAFFER,Anaé,32,037649293,2011-04-13,Anaé36,"1, Avenue François Malherbe [ Anderlecht ]",SHAFFER-Anaé@yahoo.com,1993-09-03,2018-04-22 12:56:40
DRAKE,Anaé,32,01717233094,2016-12-10,,"7, Rue de la Sécurité [ Koekelberg ]",,2013-12-04,
ROMAN,Anaïs,32,032073051,2016-08-08,,"34, Avenue des Ménestrels [ Anderlecht ]",,2009-04-03,
AGUIRRE,Asma,32,01722376897,2019-02-04,,"1193, Chaussée d'Alsemberg [ Uccle ]",,1972-08-07,
MORTON,Ayden,32,018056878,2015-09-21,Ayden17,"7, Rue de la Sécurité [ Koekelberg ]",MORTON-Ayden@outlook.com,1990-04-03,2018-11-06 17:12:35
STOKES,Aymen,32,01702669838,2018-02-23,,"18, Rue Cayershuis [ Woluwe-Saint-Lambert ]",,2011-09-01,
LAMB,Ayoub,32,098851076,2012-12-17,Ayoub13,"134, Rue Gérard [ Etterbeek ]",LAMB-Ayoub@outlook.com,1960-12-04,2018-06-08 16:36:12
PACHECO,Benjamin,32,01719553084,2020-04-13,,"56, Rue des Hiboux [ Woluwe-Saint-Pierre ]",PACHECO-Benjamin@gmail.com,2000-08-14,2021-01-04 18:19:06
PATRICK,Célestine,32,077066280,2019-02-09,Célestine68,,PATRICK-Célestine@yahoo.com,2018-11-08,
COCHRAN,Constance,32,092961391,2012-12-26,Constance54,"2, Place des Héros [ Saint-Gilles ]",COCHRAN-Constance@yahoo.com,1976-06-25,2021-04-06 22:10:08
SHEPHERD,David,32,01787686221,2010-03-14,David87,"55, Avenue Maréchal Ney [ Uccle ]",SHEPHERD-David@gmail.com,2000-10-02,
CAIN,Edouard,32,01727402141,2019-07-26,,"12, Rue de Linthout [ Schaerbeek ]",,1970-10-31,
BURNETT,Eléna,32,01723073274,2012-06-16,,,,1979-02-12,
HESS,Elias,32,01798548169,2012-09-30,Elias93,"29, Rue Pannenhuis [ Jette ]",HESS-Elias@gmail.com,1991-12-12,
LI,Elina,32,078728431,2018-04-07,Elina58,"122, Rue du Viaduc [ Ixelles ]",LI-Elina@outlook.com,1977-02-14,
CERVANTES,Elise,32,039515747,2019-05-01,Elise39,"9, Avenue des Ombrages [ Woluwe-Saint-Lambert ]",CERVANTES-Elise@gmail.com,1978-08-08,2019-07-01 01:18:42
OLSEN,Ellie,32,01762030907,2014-10-25,,"34, Square Gutenberg [ Bruxelles ]",,1996-07-28,
BRIGGS,Eloïse,32,078644424,2011-04-02,,"4, Avenue des Scarabées [ Bruxelles ]",,2001-11-24,
OCHOA,Esteban,32,042440158,2015-08-21,,,,1956-11-21,
CABRERA,Ezio,32,01734803569,2010-04-07,,"21, Rue de l'Expansion [ Anderlecht ]",,1948-11-25,
VELASQUEZ,Faustine,32,01773000032,2014-08-29,Faustine27,"98, Rue Josaphat [ Schaerbeek ]",VELASQUEZ-Faustine@yahoo.com,1964-12-26,2015-02-13 07:27:43
MONTOYA,Garance,32,040510994,2016-10-11,Garance35,"168, Avenue des Traquets [ Woluwe-Saint-Pierre ]",MONTOYA-Garance@outlook.com,2006-07-01,
ROTH,Gaspard,32,01730502724,2017-12-04,Gaspard41,"50, Rue Médori [ Bruxelles ]",ROTH-Gaspard@outlook.com,1956-06-17,2019-02-09 05:39:24
MEYERS,Hector,32,004291607,2019-10-27,,"29, Rue Pannenhuis [ Jette ]",MEYERS-Hector@outlook.com,1958-12-17,
CARDENAS,Héloïse,32,01787843463,2011-07-26,Héloïse25,"2, Place des Héros [ Saint-Gilles ]",CARDENAS-Héloïse@outlook.com,1950-03-15,2018-11-02 19:13:31
FUENTES,Héloïse,32,099316033,2015-06-23,Héloïse50,"544, Boulevard de Smet de Naeyer [ Bruxelles ]",FUENTES-Héloïse@outlook.com,1972-08-27,2017-11-07 15:06:39
WEISS,Ibrahim,32,01739405598,2014-05-29,,,,1982-11-22,
HOOVER,Ilyas,32,01734458534,2012-02-21,,"1, Rue Braemt [ Saint-Josse-ten-Noode ]",HOOVER-Ilyas@gmail.com,1977-04-30,2019-04-25 10:40:00
WILKINS,Imrane,32,023561074,2020-07-08,Imrane37,,WILKINS-Imrane@outlook.com,1989-09-18,2021-05-17 10:09:20
NICHOLSON,Issa,32,016399820,2019-06-06,,"29, Rue Pannenhuis [ Jette ]",,1983-02-15,
UNDERWOOD,Jean,32,001025121,2009-12-07,Jean18,"9, Avenue des Ombrages [ Woluwe-Saint-Lambert ]",UNDERWOOD-Jean@gmail.com,1955-06-23,2018-03-12 08:31:19
SHORT,Joséphine,32,01720616272,2019-01-02,Joséphine56,"43, Rue Charles Degroux [ Etterbeek ]",SHORT-Joséphine@yahoo.com,2013-09-15,2019-09-26 08:25:11
CARSON,Julie,32,01790857431,2011-10-15,,,,1978-06-17,
MORROW,Justine,32,01743033682,2013-10-10,,"6, Rue Edouard Fiers [ Schaerbeek ]",MORROW-Justine@gmail.com,1998-10-06,
COLON,Lana,32,084637534,2017-12-04,Lana57,"14, Avenue Henri Hollevoet [ Molenbeek-Saint-Jean ]",COLON-Lana@outlook.com,1975-06-16,2019-12-28 06:41:04
HOLLOWAY,Léandre,32,023387715,2017-03-14,Léandre93,,HOLLOWAY-Léandre@gmail.com,2017-07-26,2021-02-21 02:07:34
SUMMERS,Leïla,32,029675709,2013-02-13,,"21, Avenue des Lauriers [ Woluwe-Saint-Pierre ]",,1976-05-16,
BRYAN,Léopold,32,042873981,2018-07-26,Léopold38,"939, Chaussée de Haecht [ Evere ]",BRYAN-Léopold@outlook.com,1965-05-27,2019-05-23 18:51:43
PETERSEN,Lila,32,078653993,2017-12-14,Lila53,"156, Avenue Prekelinden [ Woluwe-Saint-Lambert ]",PETERSEN-Lila@yahoo.com,2008-02-29,
MCKENZIE,Lilou,32,078193478,2020-08-27,,"19, Rue de l'Expansion [ Anderlecht ]",,1957-11-01,
SERRANO,Lily,32,01793887658,2011-04-01,Lily75,"168, Avenue des Traquets [ Woluwe-Saint-Pierre ]",SERRANO-Lily@yahoo.com,1975-05-04,2012-12-26 05:26:16
WILCOX,Lise,32,012641643,2016-03-14,Lise21,,WILCOX-Lise@yahoo.com,1978-03-20,2020-10-02 02:05:12
CAREY,Logan,32,01755662785,2015-04-23,,"19, Rue de l'Expansion [ Anderlecht ]",CAREY-Logan@gmail.com,2004-09-02,2018-10-22 07:31:47
CLAYTON,Louane,32,01720627891,2014-12-27,Louane41,"933, Chaussée de Haecht [ Evere ]",CLAYTON-Louane@outlook.com,1990-10-19,2020-06-08 09:02:37
POOLE,Luca,32,075742820,2019-03-03,,,,1982-10-27,
CALDERON,Lyna,32,01785893075,2015-03-27,,"87, Rue Rasson [ Schaerbeek ]",,1957-07-20,
GALLEGOS,Mahé,32,01727132338,2017-01-21,Mahé11,"16, Rue Rittweger [ Uccle ]",GALLEGOS-Mahé@gmail.com,1998-10-19,2019-11-15 22:27:20
GREER,Malone,32,01798041475,2017-01-20,Malone63,"55, Avenue Maréchal Ney [ Uccle ]",GREER-Malone@yahoo.com,1968-10-25,
RIVAS,Margot,32,080495741,2017-03-30,,"169, Avenue du Diamant [ Schaerbeek ]",,2009-05-25,
GUERRA,Maria,32,080105608,2019-08-05,,"168, Rue Vanderborght [ Jette ]",GUERRA-Maria@gmail.com,2013-05-05,2020-05-24 13:29:57
DECKER,Marwa,32,041376959,2015-10-31,,"168, Rue Vanderborght [ Jette ]",,1953-07-13,
COLLIER,Mattéo,32,008998703,2011-08-25,,"87, Rue Rasson [ Schaerbeek ]",COLLIER-Mattéo@outlook.com,1950-06-04,2019-10-23 07:45:14
WALL,Mya,32,01794825038,2012-06-21,Mya55,"2, Avenue des Bouleaux [ Watermael-Boitsfort ]",WALL-Mya@outlook.com,2002-06-21,
WHITAKER,Noémie,32,01758211401,2011-04-21,Noémie33,"52, Rue Antoine Nys [ Anderlecht ]",WHITAKER-Noémie@yahoo.com,1998-09-27,
BASS,Noham,32,024937958,2012-02-27,Noham33,"2, Avenue des Bouleaux [ Watermael-Boitsfort ]",BASS-Noham@yahoo.com,1991-06-28,
FLOWERS,Nour,32,036592640,2015-06-16,,,FLOWERS-Nour@outlook.com,1988-11-21,2015-09-25 05:40:22
DAVENPORT,Oscar,32,01728289582,2011-08-12,Oscar0,,DAVENPORT-Oscar@gmail.com,1961-02-27,2011-10-03 22:09:57
CONLEY,Owen,32,023844622,2012-09-09,,"129, Boulevard Emile Bockstael [ Bruxelles ]",CONLEY-Owen@yahoo.com,2009-11-24,
HOUSTON,Pauline,32,005157228,2009-12-05,,"39, Rue des Echevins [ Ixelles ]",HOUSTON-Pauline@outlook.com,1988-05-20,2010-03-07 05:32:27
HUFF,Pauline,32,01760477300,2016-03-08,,"24, Avenue de la Sapinière [ Uccle ]",HUFF-Pauline@outlook.com,1989-12-20,2016-06-26 05:28:10
COPELAND,Pierre,32,041731465,2014-08-07,Pierre88,,COPELAND-Pierre@yahoo.com,1958-12-30,2017-12-06 06:16:29
HOOD,Romain,32,01727646759,2010-09-07,Romain7,"150, Avenue Eugène Demolder [ Schaerbeek ]",HOOD-Romain@yahoo.com,1969-10-14,2015-01-27 15:20:15
MONROE,Romy,32,007388924,2012-05-19,,"16, Rue de Linthout [ Schaerbeek ]",,2004-09-29,
MASSEY,Salomé,32,031782822,2015-01-03,,,,2008-01-12,
ROBERSON,Sandro,32,01727323976,2017-08-16,Sandro56,"46A, Avenue du Manoir [ Uccle ]",ROBERSON-Sandro@outlook.com,2016-05-09,2019-07-28 06:07:33
COMBS,Sara,32,052484361,2020-02-05,,,,1973-02-14,
FRANCO,Sasha,32,042757914,2012-10-06,Sasha15,"69, Rue de l'Elan [ Watermael-Boitsfort ]",FRANCO-Sasha@yahoo.com,1991-02-08,2016-11-16 07:18:35
LARSEN,Sofiane,32,080905919,2018-03-29,,"4, Avenue des Scarabées [ Bruxelles ]",LARSEN-Sofiane@outlook.com,1960-07-16,2018-03-31 16:38:13
PITTMAN,Suzie,32,01767170168,2019-08-15,Suzie71,"73, Rue des Archers [ Koekelberg ]",PITTMAN-Suzie@yahoo.com,1976-11-13,
RANDALL,Tess,32,01748568247,2013-12-28,Tess85,"8, Clos des Fuchsias [ Forest ]",RANDALL-Tess@yahoo.com,2005-02-09,2019-06-27 17:15:31
SKINNER,Timothé,32,077616986,2018-10-11,Timothé17,"43, Rue Charles Degroux [ Etterbeek ]",SKINNER-Timothé@gmail.com,2001-12-27,
WILKINSON,Timothée,32,01709986401,2014-08-29,Timothée26,"1, Avenue François Malherbe [ Anderlecht ]",WILKINSON-Timothée@outlook.com,1991-03-10,2020-05-24 11:35:58
KIRBY,Tristan,32,002748674,2015-05-01,Tristan22,"87, Rue du Jardinier [ Molenbeek-Saint-Jean ]",KIRBY-Tristan@outlook.com,1968-09-21,2017-02-23 13:52:21
CAMERON,Valentine,32,019885675,2015-06-27,,"28, Rue des Eburons [ Bruxelles ]",,1997-02-22,
BRIDGES,Wassim,32,01776779449,2016-12-18,Wassim98,"129, Avenue du Diamant [ Schaerbeek ]",BRIDGES-Wassim@gmail.com,1968-05-13,
ANTHONY,William,32,01771370056,2020-01-01,,,,2001-01-13,
RICHARD,Zélie,32,045213668,2014-04-22,,"150, Rue Rogier [ Schaerbeek ]",RICHARD-Zélie@yahoo.com,1959-09-24,2015-08-08 19:04:57
KIRK,Achille,32,01762338756,2016-10-31,,"171, Rue Verte [ Schaerbeek ]",,2016-07-13,
BRUCE,Adem,32,022713283,2011-10-11,Adem62,,BRUCE-Adem@yahoo.com,1951-05-10,2015-04-06 14:38:48
SINGLETON,Alex,32,01799785331,2015-06-12,,"87, Rue du Jardinier [ Molenbeek-Saint-Jean ]",,2004-11-29,
MATHIS,Alexandre,32,01748161820,2012-12-17,,"1, Rue Braemt [ Saint-Josse-ten-Noode ]",,1956-06-08,
BRADFORD,Alicia,32,01757860688,2018-09-04,Alicia25,"20, Rue Charles Pas [ Auderghem ]",BRADFORD-Alicia@yahoo.com,2005-06-09,2018-09-13 23:25:53
BOONE,Alix,32,066554090,2016-01-30,,,,2006-10-14,
ABBOTT,Aloïs,32,096114244,2014-08-21,,"127, Rue d'Ostende [ Molenbeek-Saint-Jean ]",,1972-04-27,
CHARLES,Alya,32,01748583809,2015-03-30,,"18, Rue Cayershuis [ Woluwe-Saint-Lambert ]",,2005-07-18,
ALLISON,Ambroise,32,01741719581,2012-06-28,,"122, Rue du Viaduc [ Ixelles ]",,2005-07-31,
SWEENEY,Amine,32,01779999312,2018-03-28,Amine3,,SWEENEY-Amine@yahoo.com,1981-05-05,2020-08-18 08:17:34
ATKINSON,Anaé,32,01776534995,2020-10-15,Anaé50,"465, Rue Vanderkindere [ Uccle ]",ATKINSON-Anaé@gmail.com,1996-08-14,2021-02-15 14:28:07
HORN,Anaïs,32,058102308,2019-05-16,Anaïs85,"167, Rue Victor Hugo [ Schaerbeek ]",HORN-Anaïs@gmail.com,2007-03-24,
JEFFERSON,Anas,32,01734317501,2014-03-02,,"49, Rue Hector Denis [ Ixelles ]",,2006-07-29,
ROSALES,Anatole,32,073731385,2017-08-08,Anatole25,"89A, Rue Harenheyde [ Bruxelles ]",ROSALES-Anatole@yahoo.com,1972-06-27,
YORK,Andréa,32,068420124,2012-03-30,Andréa51,"138, Rue de la Seigneurie [ Bruxelles ]",YORK-Andréa@yahoo.com,1972-11-27,2014-07-28 02:19:21
CHRISTIAN,Anis,32,01792064594,2014-02-13,Anis0,"9, Avenue des Ombrages [ Woluwe-Saint-Lambert ]",CHRISTIAN-Anis@gmail.com,2014-06-17,
PHELPS,Anissa,32,01783436254,2020-06-19,Anissa24,"18, Rue du Coq [ Uccle ]",PHELPS-Anissa@outlook.com,1987-09-30,
FARRELL,Anya,32,094976363,2011-02-18,Anya30,"16, Rue de Linthout [ Schaerbeek ]",FARRELL-Anya@gmail.com,2007-11-28,2020-07-14 15:35:47
CASTANEDA,Apolline,32,071088104,2017-02-01,,"2, Pont du Cerf [ Woluwe-Saint-Pierre ]",CASTANEDA-Apolline@gmail.com,1968-07-10,2018-06-19 13:21:06
