lastname,firstname,daillingCode,phoneNumber,requistration date,address,type,mail,birthday date,store
PERKINS,Lou,33,447390131,2017-09-26,"2, Rue des Cordeliers [ Sisteron ]",3,PERKINS-Lou@SPORTFOREVER.fr,1996-01-30,SPORT FOREVER FR 10
MORROW,Jules,33,779710982,2011-09-12,"263, Boulevard des Amandiers [ Manosque ]",3,MORROW-Jules@SPORTFOREVER.fr,1992-09-30,SPORT FOREVER FR 10
TOWNSEND,Océane,33,89750112,2018-09-27,"20, Rue de l'Égalité [ Volonne ]",3,TOWNSEND-Océane@SPORTFOREVER.fr,1987-03-01,SPORT FOREVER FR 10
SCHULTZ,Lily,33,49554901,2013-12-15,"18, Rue du Mitan [ Castellane ]",2,SCHULTZ-Lily@SPORTFOREVER.fr,1959-09-05,SPORT FOREVER FR 4
MUNOZ,Léon,33,794385777,2010-10-02,"26, Avenue des Alpes [ Valensole ]",3,MUNOZ-Léon@SPORTFOREVER.fr,1955-05-07,SPORT FOREVER FR 8
TODD,Célia,33,55922792,2018-04-27,"7, Chemin de Saint-Claude [ Valensole ]",3,TODD-Célia@SPORTFOREVER.fr,1996-12-07,SPORT FOREVER FR 7
WHITAKER,Mathilde,33,449026321,2014-08-28,"226D, Chemin de la Madeleine [ Manosque ]",3,WHITAKER-Mathilde@SPORTFOREVER.fr,1982-01-10,SPORT FOREVER FR 8
STEPHENS,Céleste,33,731519343,2018-01-27,"21, Chemin des Amandiers [ Reillanne ]",3,STEPHENS-Céleste@SPORTFOREVER.fr,1983-03-24,SPORT FOREVER FR 9
SOTO,Paul,33,429616410,2013-10-08,"4, Impasse des Aiguadiers [ Volx ]",3,SOTO-Paul@SPORTFOREVER.fr,1958-08-12,SPORT FOREVER FR 5
OWEN,Kaïs,33,525245679,2015-10-15,"117, Rue Félicien Bec [ Manosque ]",3,OWEN-Kaïs@SPORTFOREVER.fr,1995-10-09,SPORT FOREVER FR 5
ROTH,Valentine,33,582637920,2017-09-10,"27G, Rue des Balcons du Mont d'Or [ Manosque ]",3,ROTH-Valentine@SPORTFOREVER.fr,1961-11-07,SPORT FOREVER FR 3
ATKINSON,Jules,33,505323344,2016-10-02,"295, Allée des Micocouliers [ Sainte-Tulle ]",3,ATKINSON-Jules@SPORTFOREVER.fr,1982-11-20,SPORT FOREVER FR 1
GALLEGOS,Mathis,33,882966340,2017-10-07,"14A, Rue Saint-Mary [ Forcalquier ]",2,GALLEGOS-Mathis@SPORTFOREVER.fr,1965-10-11,SPORT FOREVER FR 10
HODGES,Lou,33,482259980,2020-06-10,"9, Grosses Listes [ Castellane ]",3,HODGES-Lou@SPORTFOREVER.fr,1991-07-28,SPORT FOREVER FR 4
TORRES,Samuel,33,580792757,2019-12-20,"11, chemin de vaumet [ Digne-les-Bains ]",3,TORRES-Samuel@SPORTFOREVER.fr,1989-02-09,SPORT FOREVER FR 5
COHEN,Agathe,33,581698087,2014-01-26,"13, Quartier de Béard [ Roumoules ]",3,COHEN-Agathe@SPORTFOREVER.fr,1959-03-09,SPORT FOREVER FR 7
KIRK,Antoine,33,890705009,2018-04-10,"47, Le Village Montagnac [ Montagnac-Montpezat ]",3,KIRK-Antoine@SPORTFOREVER.fr,1978-02-26,SPORT FOREVER FR 2
STEPHENS,Ambre,33,633974382,2017-07-15,"9BIS, Avenue Jean Giono [ Forcalquier ]",3,STEPHENS-Ambre@SPORTFOREVER.fr,1998-04-16,SPORT FOREVER FR 2
YANG,Basile,33,5210241,2010-05-23,"258A, Rue Léon Mure [ Manosque ]",3,YANG-Basile@SPORTFOREVER.fr,1989-02-16,SPORT FOREVER FR 9
SCOTT,Aaron,33,261177651,2012-06-04,"2378, Route d'Apt [ Banon ]",3,SCOTT-Aaron@SPORTFOREVER.fr,1992-01-18,SPORT FOREVER FR 5
HAYNES,Alexandre,33,922072482,2015-05-19,"221, Impasse de Glanié [ Saint-Étienne-les-Orgues ]",3,HAYNES-Alexandre@SPORTFOREVER.fr,1975-12-04,SPORT FOREVER FR 6
MORTON,Samuel,33,969975684,2016-07-09,"15, Rue du Lieutenant Blondeau [ Castellane ]",3,MORTON-Samuel@SPORTFOREVER.fr,1987-05-15,SPORT FOREVER FR 2
PITTMAN,Maëlys,33,310306951,2013-07-21,"33, Lotissement les Hauts de Provence [ Saint-Étienne-les-Orgues ]",3,PITTMAN-Maëlys@SPORTFOREVER.fr,1988-09-19,SPORT FOREVER FR 5
DAVIS,Evan,33,502061124,2020-10-29,"3BIS, Place de l'Église [ Les Mées ]",3,DAVIS-Evan@SPORTFOREVER.fr,1969-07-25,SPORT FOREVER FR 7
BOONE,Olivia,33,225727898,2015-09-21,"1, Rue de l'Église [ Peipin ]",3,BOONE-Olivia@SPORTFOREVER.fr,1974-01-10,SPORT FOREVER FR 10
HUNTER,Louise,33,187105829,2019-01-01,"8, Route de Marseille [ Sisteron ]",3,HUNTER-Louise@SPORTFOREVER.fr,1982-01-05,SPORT FOREVER FR 2
HAWKINS,Adam,33,655831344,2014-12-19,"40, Traverse des Tournesols [ Manosque ]",3,HAWKINS-Adam@SPORTFOREVER.fr,1968-03-31,SPORT FOREVER FR 6
NICHOLS,Tom,33,785257611,2017-03-18,"1, Rue du Four [ Malijai ]",3,NICHOLS-Tom@SPORTFOREVER.fr,1973-05-15,SPORT FOREVER FR 2
ROBBINS,Jeanne,33,741736322,2014-06-12,"1925, Chemin Saint-Véran [ Allemagne-en-Provence ]",3,ROBBINS-Jeanne@SPORTFOREVER.fr,1977-03-13,SPORT FOREVER FR 9
MASSEY,Méline,33,284216014,2013-04-21,"149, Impasse Pré Domenge [ Turriers ]",3,MASSEY-Méline@SPORTFOREVER.fr,1994-11-23,SPORT FOREVER FR 9
GEORGE,Rose,33,899194422,2018-05-06,"7, Route des Oraisonis [ Bras-d'Asse ]",3,GEORGE-Rose@SPORTFOREVER.fr,1975-09-26,SPORT FOREVER FR 5
CARSON,Inès,33,441906228,2011-10-20,"323, Saint Saturnin [ Montagnac-Montpezat ]",3,CARSON-Inès@SPORTFOREVER.fr,1988-03-20,SPORT FOREVER FR 9
PETERSEN,Baptiste,33,419908328,2012-01-05,"9, Lotissement La Sybille [ Oraison ]",3,PETERSEN-Baptiste@SPORTFOREVER.fr,1962-01-21,SPORT FOREVER FR 1
DELGADO,Adèle,33,887429605,2016-08-27,"25, Rue de la Liberté [ Céreste ]",3,DELGADO-Adèle@SPORTFOREVER.fr,1993-02-19,SPORT FOREVER FR 6
SULLIVAN,Lola,33,821256084,2015-10-28,"90D, Chemin Théophile Farnaud [ Manosque ]",3,SULLIVAN-Lola@SPORTFOREVER.fr,1965-03-02,SPORT FOREVER FR 2
MANNING,Chloé,33,865041819,2012-08-06,"435, Chemin de Rousset [ Curbans ]",3,MANNING-Chloé@SPORTFOREVER.fr,1957-11-18,SPORT FOREVER FR 2
HARPER,Basile,33,497427531,2020-06-26,"405, Plan Est [ Marcoux ]",3,HARPER-Basile@SPORTFOREVER.fr,1995-09-11,SPORT FOREVER FR 2
MCGEE,Léo,33,906886973,2015-06-12,"7, Rue Saint-Barthélémy [ Le Chaffaut-Saint-Jurson ]",3,MCGEE-Léo@SPORTFOREVER.fr,1968-02-09,SPORT FOREVER FR 4
DAVENPORT,Clémence,33,629476356,2014-12-08,"21, Avenue René Cassin [ Digne-les-Bains ]",3,DAVENPORT-Clémence@SPORTFOREVER.fr,1984-05-01,SPORT FOREVER FR 9
WOLF,Chloé,33,282592543,2014-03-16,"3A, Rue Pierre Curie [ Château-Arnoux-Saint-Auban ]",2,WOLF-Chloé@SPORTFOREVER.fr,1985-04-27,SPORT FOREVER FR 9
WHEELER,Tiago,33,396917052,2014-03-11,"5, Traverse de la Brise [ Manosque ]",3,WHEELER-Tiago@SPORTFOREVER.fr,1985-06-01,SPORT FOREVER FR 7
ALVARADO,Giulia,33,584201865,2017-01-31,"37, Rue Pasteur [ Céreste ]",3,ALVARADO-Giulia@SPORTFOREVER.fr,1961-08-21,SPORT FOREVER FR 9
RILEY,Lyam,33,320449256,2014-02-04,"111, Avenue des Chaudettes [ Sisteron ]",3,RILEY-Lyam@SPORTFOREVER.fr,1965-05-31,SPORT FOREVER FR 8
HORN,Simon,33,746715460,2015-02-21,"6, Lotissement le Chene Triple [ Peyruis ]",3,HORN-Simon@SPORTFOREVER.fr,1965-01-31,SPORT FOREVER FR 9
POTTER,Paul,33,508079942,2015-04-30,"6E, Rue Sainte-Claire Deville [ Château-Arnoux-Saint-Auban ]",3,POTTER-Paul@SPORTFOREVER.fr,1984-09-09,SPORT FOREVER FR 4
HINES,Léa,33,635298441,2019-08-07,"10, rue mercadier [ Digne-les-Bains ]",3,HINES-Léa@SPORTFOREVER.fr,1964-08-09,SPORT FOREVER FR 5
FLORES,Mohamed,33,735743428,2017-08-18,"3, Rue de la Croix [ Sisteron ]",3,FLORES-Mohamed@SPORTFOREVER.fr,1988-08-04,SPORT FOREVER FR 3
MYERS,Adèle,33,143423614,2015-06-10,"6, Rue du Prévôt [ Digne-les-Bains ]",3,MYERS-Adèle@SPORTFOREVER.fr,1995-06-04,SPORT FOREVER FR 4
DANIEL,Adam,33,759612688,2017-08-02,"13, Rue des Frères Mahoudeaux [ Digne-les-Bains ]",2,DANIEL-Adam@SPORTFOREVER.fr,1968-11-10,SPORT FOREVER FR 3
CERVANTES,Elio,33,206407117,2016-08-30,"33, rue de la plâtrière [ Digne-les-Bains ]",3,CERVANTES-Elio@SPORTFOREVER.fr,1979-02-07,SPORT FOREVER FR 7
OCONNOR,Manon,33,665779871,2019-08-24,"5, Rue Burlière [ Corbières-en-Provence ]",3,OCONNOR-Manon@SPORTFOREVER.fr,1984-09-08,SPORT FOREVER FR 6
VEGA,Robin,33,216708037,2010-03-03,"522, Route des Garcinets [ Turriers ]",3,VEGA-Robin@SPORTFOREVER.fr,1971-09-20,SPORT FOREVER FR 4
MARTINEZ,Timéo,33,875250831,2012-03-02,"185, Lotissement la Fontaine [ Curbans ]",3,MARTINEZ-Timéo@SPORTFOREVER.fr,1964-09-05,SPORT FOREVER FR 4
LE,Charlie,33,864239289,2013-08-20,"73, Residence les Cledelles [ Seyne ]",3,LE-Charlie@SPORTFOREVER.fr,1958-04-27,SPORT FOREVER FR 7
REYNOLDS,Marceau,33,293132450,2020-04-27,"13, Avenue Gaston-Boyer [ Digne-les-Bains ]",2,REYNOLDS-Marceau@SPORTFOREVER.fr,1963-11-24,SPORT FOREVER FR 4
WEAVER,Axel,33,84450807,2020-09-27,"5, Rue des Tourelles [ Les Mées ]",3,WEAVER-Axel@SPORTFOREVER.fr,2003-06-28,SPORT FOREVER FR 8
OCHOA,Giulia,33,982216733,2012-10-25,"5, Rue Sainte-Anne [ Esparron-de-Verdon ]",3,OCHOA-Giulia@SPORTFOREVER.fr,1979-10-30,SPORT FOREVER FR 6
PAUL,Jade,33,244961689,2016-08-18,"925, Route Saint-Antoine [ Bras-d'Asse ]",3,PAUL-Jade@SPORTFOREVER.fr,1988-03-25,SPORT FOREVER FR 4
WALL,Alice,33,690826549,2015-07-15,"741E, Avenue de la Repasse [ Manosque ]",3,WALL-Alice@SPORTFOREVER.fr,1996-10-12,SPORT FOREVER FR 6
LYNCH,Malo,33,532747950,2018-07-04,"3, Impasse de la Sariette [ Peipin ]",3,LYNCH-Malo@SPORTFOREVER.fr,1979-12-14,SPORT FOREVER FR 2
GOMEZ,Maxence,33,737481847,2019-01-31,"221, Chemin des Aubépines [ Saint-Étienne-les-Orgues ]",3,GOMEZ-Maxence@SPORTFOREVER.fr,1964-08-29,SPORT FOREVER FR 6
ROSALES,Mya,33,367122665,2012-12-12,"736, Corniche des Aires [ Esparron-de-Verdon ]",2,ROSALES-Mya@SPORTFOREVER.fr,1976-07-30,SPORT FOREVER FR 9
ACOSTA,Charlie,33,665936810,2016-08-07,"80, Rue des Figuières [ La Robine-sur-Galabre ]",3,ACOSTA-Charlie@SPORTFOREVER.fr,1980-11-25,SPORT FOREVER FR 9
MULLINS,Romane,33,545940644,2013-09-25,"604, Chemin de Saint-Jean [ Villeneuve ]",3,MULLINS-Romane@SPORTFOREVER.fr,1986-03-24,SPORT FOREVER FR 7
MATTHEWS,Lyna,33,68399559,2020-10-13,"47, Rue de l'Aube [ Manosque ]",2,MATTHEWS-Lyna@SPORTFOREVER.fr,1996-08-23,SPORT FOREVER FR 7
SANTIAGO,Charlie,33,479066989,2012-01-22,"32, Le Grand Puy [ Seyne ]",3,SANTIAGO-Charlie@SPORTFOREVER.fr,1957-02-27,SPORT FOREVER FR 3
RAMIREZ,Maxence,33,626669464,2010-03-04,"30, Rue Sainte-Catherine [ La Motte-du-Caire ]",3,RAMIREZ-Maxence@SPORTFOREVER.fr,1958-10-31,SPORT FOREVER FR 9
HUNT,Mohamed,33,695459437,2019-09-25,"5, Les Serrets [ Manosque ]",2,HUNT-Mohamed@SPORTFOREVER.fr,1971-05-15,SPORT FOREVER FR 8
HUDSON,Clara,33,942797585,2019-08-11,"14, Rue Arnaud [ Corbières-en-Provence ]",2,HUDSON-Clara@SPORTFOREVER.fr,1980-03-22,SPORT FOREVER FR 9
MORRIS,Nathan,33,451733112,2020-07-30,"35, Lotissement le Bachelard [ Uvernet-Fours ]",3,MORRIS-Nathan@SPORTFOREVER.fr,1993-10-21,SPORT FOREVER FR 7
COLLINS,Ambre,33,726499409,2016-06-26,"117, Allée Nicéphore Niepce [ Manosque ]",3,COLLINS-Ambre@SPORTFOREVER.fr,1985-09-23,SPORT FOREVER FR 8
BUCHANAN,Amine,33,693432378,2011-04-06,"28, Chemin de la Cheneraie [ Villeneuve ]",3,BUCHANAN-Amine@SPORTFOREVER.fr,1968-04-20,SPORT FOREVER FR 4
JENNINGS,Evan,33,759467889,2019-12-12,"6, Lotissement Les Louves [ Villeneuve ]",3,JENNINGS-Evan@SPORTFOREVER.fr,1993-04-01,SPORT FOREVER FR 10
FRAZIER,Juliette,33,392918371,2019-03-18,"7, Traverse des Ferrages [ Corbières-en-Provence ]",3,FRAZIER-Juliette@SPORTFOREVER.fr,1995-04-08,SPORT FOREVER FR 10
HODGES,Léandre,33,228468909,2012-07-19,"826, Route de Sigonce [ Montlaux ]",3,HODGES-Léandre@SPORTFOREVER.fr,1972-12-04,SPORT FOREVER FR 6
MCKINNEY,Lyna,33,418849613,2018-05-22,"4, Impasse de la Draine [ Malijai ]",3,MCKINNEY-Lyna@SPORTFOREVER.fr,1992-09-10,SPORT FOREVER FR 8
GRIFFIN,Théo,33,803857168,2013-03-24,"291, Route de Cruis [ Saint-Étienne-les-Orgues ]",3,GRIFFIN-Théo@SPORTFOREVER.fr,1990-09-03,SPORT FOREVER FR 1
CALDERON,Alicia,33,933177927,2010-08-13,"7, Traverse de la Carraire [ Valensole ]",3,CALDERON-Alicia@SPORTFOREVER.fr,1959-10-03,SPORT FOREVER FR 6
ALVARADO,Clément,33,732398748,2018-06-04,"132, Route du Maurier [ Turriers ]",2,ALVARADO-Clément@SPORTFOREVER.fr,1990-04-01,SPORT FOREVER FR 5
ROBERTSON,Elias,33,188170150,2020-05-31,"234, Rue de l'Abbé Henri Alivon [ Manosque ]",3,ROBERTSON-Elias@SPORTFOREVER.fr,1972-09-28,SPORT FOREVER FR 6
KIM,Alice,33,628427234,2016-03-19,"20, Montée des Crestiannes [ Pierrevert ]",3,KIM-Alice@SPORTFOREVER.fr,1963-04-15,SPORT FOREVER FR 4
CERVANTES,Antoine,33,449880040,2010-03-22,"149, Le Village [ Simiane-la-Rotonde ]",3,CERVANTES-Antoine@SPORTFOREVER.fr,1991-01-11,SPORT FOREVER FR 6
RICE,Charlotte,33,837057303,2014-09-14,"2, Rue Louise Espie [ Digne-les-Bains ]",3,RICE-Charlotte@SPORTFOREVER.fr,1975-10-04,SPORT FOREVER FR 6
LARA,Manon,33,592111022,2011-08-01,"9, Les Ferrails [ Peyruis ]",3,LARA-Manon@SPORTFOREVER.fr,1969-09-30,SPORT FOREVER FR 2
BOWMAN,Rose,33,304238820,2011-02-26,"276, Allée des Micocouliers [ Sainte-Tulle ]",2,BOWMAN-Rose@SPORTFOREVER.fr,1976-12-16,SPORT FOREVER FR 2
RUIZ,Marcel,33,609302679,2014-08-11,"15, Avenue Henri Jaubert [ Digne-les-Bains ]",3,RUIZ-Marcel@SPORTFOREVER.fr,1967-12-21,SPORT FOREVER FR 2
HAYNES,Aaron,33,23403987,2018-10-26,"276E, Avenue des Serrets [ Manosque ]",3,HAYNES-Aaron@SPORTFOREVER.fr,1966-07-24,SPORT FOREVER FR 10
CARR,Auguste,33,747841156,2020-05-17,"40, Le Plan de la Baume [ Sisteron ]",3,CARR-Auguste@SPORTFOREVER.fr,1985-10-16,SPORT FOREVER FR 6
UNDERWOOD,Lola,33,538117557,2020-09-26,"5, Lotissement les Subis [ Saint-André-les-Alpes ]",3,UNDERWOOD-Lola@SPORTFOREVER.fr,2003-05-19,SPORT FOREVER FR 5
CHARLES,Clément,33,306149444,2020-09-08,"161, Montee de la Garouyère [ Lardiers ]",3,CHARLES-Clément@SPORTFOREVER.fr,1973-05-24,SPORT FOREVER FR 2
VASQUEZ,Charlotte,33,205614092,2012-01-11,"22BIS, Chemin des Baudets [ Pierrevert ]",3,VASQUEZ-Charlotte@SPORTFOREVER.fr,1966-04-25,SPORT FOREVER FR 4
HARRINGTON,Gabriel,33,947402572,2014-10-15,"23TER, Chemin Du Pesquier [ Malijai ]",3,HARRINGTON-Gabriel@SPORTFOREVER.fr,1972-10-05,SPORT FOREVER FR 1
BERRY,Adèle,33,832826211,2009-12-03,"140, Route de La Motte-du-Caire [ Sisteron ]",3,BERRY-Adèle@SPORTFOREVER.fr,1991-05-08,SPORT FOREVER FR 8
SALAZAR,Aaron,33,471126595,2016-05-23,"283, Chemin de l’Hubac [ Estoublon ]",3,SALAZAR-Aaron@SPORTFOREVER.fr,1992-08-28,SPORT FOREVER FR 7
MASSEY,Léandre,33,889813123,2017-05-19,"21, Rue du Prévôt [ Digne-les-Bains ]",3,MASSEY-Léandre@SPORTFOREVER.fr,1979-11-19,SPORT FOREVER FR 4
MANNING,Ethan,33,623248464,2010-09-04,"18, Chemin des Mélanes [ Oraison ]",3,MANNING-Ethan@SPORTFOREVER.fr,1976-11-11,SPORT FOREVER FR 10
MARTINEZ,Romane,33,30747471,2019-12-04,"77, Rue des Chênes [ Forcalquier ]",3,MARTINEZ-Romane@SPORTFOREVER.fr,1974-06-17,SPORT FOREVER FR 4
ROMAN,Clémence,33,911674200,2011-02-04,"115, Les Bourres [ Thoard ]",2,ROMAN-Clémence@SPORTFOREVER.fr,1954-07-13,SPORT FOREVER FR 9
VELASQUEZ,Jeanne,33,693136108,2014-05-04,"2, Passage de l'Église [ Bras-d'Asse ]",2,VELASQUEZ-Jeanne@SPORTFOREVER.fr,1981-08-02,SPORT FOREVER FR 10
DIXON,Ambre,33,811822875,2013-04-27,"46, Rue Manuel [ Barcelonnette ]",3,DIXON-Ambre@SPORTFOREVER.fr,1964-01-25,SPORT FOREVER FR 2
ROBERTSON,Margot,33,666748071,2015-10-11,"4, Rue du 19 Mars 1962 [ Valensole ]",3,ROBERTSON-Margot@SPORTFOREVER.fr,1969-03-27,SPORT FOREVER FR 3
STEVENSON,Sofia,33,335575021,2011-10-26,"1, Rue Frédéric Arnaud [ Digne-les-Bains ]",3,STEVENSON-Sofia@SPORTFOREVER.fr,1958-06-07,SPORT FOREVER FR 7
ERICKSON,Valentin,33,269325544,2013-03-02,"6B, Avenue du Défens [ Pierrevert ]",3,ERICKSON-Valentin@SPORTFOREVER.fr,1987-11-01,SPORT FOREVER FR 7
UNDERWOOD,Mohamed,33,246683644,2011-07-02,"133, Boulevard des Amandiers [ Manosque ]",3,UNDERWOOD-Mohamed@SPORTFOREVER.fr,1971-09-07,SPORT FOREVER FR 5
OBRIEN,Hugo,33,215242216,2013-03-26,"88, Traverse Léonie Chaptal [ Manosque ]",3,OBRIEN-Hugo@SPORTFOREVER.fr,1995-09-20,SPORT FOREVER FR 8
ROBERSON,Nolan,33,569951942,2012-09-19,"1, Impasse Courcousson [ Volonne ]",3,ROBERSON-Nolan@SPORTFOREVER.fr,1956-03-18,SPORT FOREVER FR 3
DANIELS,Yanis,33,756786465,2018-09-24,"29, Rue Frédéric Mistral [ Céreste ]",3,DANIELS-Yanis@SPORTFOREVER.fr,1981-03-18,SPORT FOREVER FR 10
FERGUSON,Chloé,33,148000043,2018-06-19,"21, Avenue de Parrin [ Pierrevert ]",3,FERGUSON-Chloé@SPORTFOREVER.fr,1990-07-20,SPORT FOREVER FR 8
LI,Rose,33,415844245,2016-06-30,"5, Boulevard Elémir Bourges [ Manosque ]",3,LI-Rose@SPORTFOREVER.fr,1969-08-04,SPORT FOREVER FR 10
BOWMAN,Louise,33,142927272,2013-08-23,"502, Chemin du Thor [ Valensole ]",3,BOWMAN-Louise@SPORTFOREVER.fr,1977-01-24,SPORT FOREVER FR 2
WATKINS,Maxime,33,690130117,2012-05-29,"14, Rue Jean Giono [ Corbières-en-Provence ]",2,WATKINS-Maxime@SPORTFOREVER.fr,1982-12-05,SPORT FOREVER FR 6
BATES,Charlie,33,189526453,2010-12-22,"11, Impasse Racine [ Château-Arnoux-Saint-Auban ]",3,BATES-Charlie@SPORTFOREVER.fr,1981-09-07,SPORT FOREVER FR 7
CHEN,Lina,33,635819770,2018-06-18,"254, Rue de l'Artisanat [ Champtercier ]",3,CHEN-Lina@SPORTFOREVER.fr,1997-08-18,SPORT FOREVER FR 3
BURGESS,Charlie,33,897864285,2011-01-10,"45, Avenue des Marronniers [ Forcalquier ]",3,BURGESS-Charlie@SPORTFOREVER.fr,1957-07-15,SPORT FOREVER FR 9
HOLMES,Olivia,33,924490286,2018-05-23,"589, Chemin de l'Hubac de Chadourène [ Champtercier ]",3,HOLMES-Olivia@SPORTFOREVER.fr,1968-05-10,SPORT FOREVER FR 6
CHAMBERS,Naël,33,33254416,2011-03-04,"23, Rue Centrale [ Volonne ]",3,CHAMBERS-Naël@SPORTFOREVER.fr,1971-03-29,SPORT FOREVER FR 6
OCONNOR,Ilyes,33,917565045,2019-02-14,"13, Chemin du Luberon [ Céreste ]",3,OCONNOR-Ilyes@SPORTFOREVER.fr,1990-03-24,SPORT FOREVER FR 7
JIMENEZ,Elio,33,210053272,2016-06-28,"7, Rue Paul Gauguin [ Château-Arnoux-Saint-Auban ]",3,JIMENEZ-Elio@SPORTFOREVER.fr,1985-01-26,SPORT FOREVER FR 9
LONG,Arthur,33,888837349,2010-01-31,"2, Lotissement le Rancure [ Oraison ]",3,LONG-Arthur@SPORTFOREVER.fr,1976-01-10,SPORT FOREVER FR 5
COOK,Giulia,33,602732092,2013-06-04,"14, Rue Marie Henri Feraud [ Mallemoisson ]",3,COOK-Giulia@SPORTFOREVER.fr,1966-09-25,SPORT FOREVER FR 1
OWEN,Jules,33,915599939,2013-03-21,"51, Lotissement les Jardins de Pira [ Manosque ]",3,OWEN-Jules@SPORTFOREVER.fr,1956-10-18,SPORT FOREVER FR 3
CONNER,Evan,33,782732888,2014-03-31,"9, Rue de Villeneuve [ Roumoules ]",3,CONNER-Evan@SPORTFOREVER.fr,1981-06-17,SPORT FOREVER FR 7
GUERRERO,Elio,33,51368869,2020-02-24,"25, Avenue des Thermes [ Digne-les-Bains ]",3,GUERRERO-Elio@SPORTFOREVER.fr,1963-05-13,SPORT FOREVER FR 4
WILCOX,Mathis,33,483214468,2019-10-29,"37, Impasse des Ramiers [ Manosque ]",3,WILCOX-Mathis@SPORTFOREVER.fr,1999-11-14,SPORT FOREVER FR 9
CAMPOS,Faustine,33,338811536,2011-01-29,"21, Rue Adrien Badin [ Château-Arnoux-Saint-Auban ]",2,CAMPOS-Faustine@SPORTFOREVER.fr,1976-03-01,SPORT FOREVER FR 1
DRAKE,Adrien,33,177331985,2020-08-15,"6, Rue des Chênes [ Forcalquier ]",2,DRAKE-Adrien@SPORTFOREVER.fr,1999-01-18,SPORT FOREVER FR 3
GEORGE,Marie,33,263332418,2016-04-20,"8, Impasse de la Coueste [ Volonne ]",3,GEORGE-Marie@SPORTFOREVER.fr,1983-09-01,SPORT FOREVER FR 2
MEDINA,Mia,33,777352149,2014-05-16,"22, Chemin des Esquirolles [ Manosque ]",3,MEDINA-Mia@SPORTFOREVER.fr,1992-01-15,SPORT FOREVER FR 2
RODRIGUEZ,Léon,33,18623320,2013-12-23,"21, Lotissement de la Grande Fontaine [ Saint-Étienne-les-Orgues ]",3,RODRIGUEZ-Léon@SPORTFOREVER.fr,1976-12-05,SPORT FOREVER FR 9
MOORE,Elisa,33,723234212,2020-05-21,"21, Avenue Gutenberg [ Digne-les-Bains ]",3,MOORE-Elisa@SPORTFOREVER.fr,2002-10-07,SPORT FOREVER FR 7
WATSON,Ethan,33,447732804,2016-03-01,"5, Chemin des Abeilles [ Valensole ]",3,WATSON-Ethan@SPORTFOREVER.fr,1987-04-01,SPORT FOREVER FR 10
BRADFORD,Naïm,33,484905723,2018-09-07,"6, Rue du Four Banal [ Banon ]",3,BRADFORD-Naïm@SPORTFOREVER.fr,1967-06-26,SPORT FOREVER FR 2
MARSH,Diego,33,13021908,2011-07-11,"6, Surville [ Peyruis ]",3,MARSH-Diego@SPORTFOREVER.fr,1961-08-14,SPORT FOREVER FR 4
DRAKE,Maxime,33,390469381,2010-08-20,"21, Rue Jules Ferry [ Valensole ]",3,DRAKE-Maxime@SPORTFOREVER.fr,1964-12-03,SPORT FOREVER FR 7
SHAW,Louna,44,9684316538,2013-06-27,ALBION HOUSE [ HORSHAM ],3,SHAW-Louna@SPORTFOREVER.uk,1968-03-25,SPORT FOREVER UK 3
MYERS,Emy,44,1931755906,2010-05-21,RegAddress.AddressLine1 [ RegAddress.PostTown ],3,MYERS-Emy@SPORTFOREVER.uk,1961-11-22,SPORT FOREVER UK 2
FULLER,Thomas,44,5524449537,2015-02-27,76 WANSUNT ROAD [ BEXLEY ],3,FULLER-Thomas@SPORTFOREVER.uk,1996-05-05,SPORT FOREVER UK 3
EVANS,Clara,44,7347987074,2010-10-07,BEDE HOUSE [ DURHAM ],3,EVANS-Clara@SPORTFOREVER.uk,1956-11-06,SPORT FOREVER UK 3
WOLF,Ilyes,44,7581327189,2018-08-01,1ST FLOOR 314 REGENTS PARK ROAD [ LONDON ],3,WOLF-Ilyes@SPORTFOREVER.uk,1984-04-02,SPORT FOREVER UK 2
HINES,Noah,44,3415357293,2012-10-06,24 SHORE ROAD [ SOUTHAMPTON ],3,HINES-Noah@SPORTFOREVER.uk,1975-05-29,SPORT FOREVER UK 3
ROSALES,Amine,44,1737034461,2013-07-18,11 BEECHAM COURT [ WIGAN ],3,ROSALES-Amine@SPORTFOREVER.uk,1957-05-24,SPORT FOREVER UK 1
MCCARTHY,Liam,44,2055393369,2018-08-12,UNIT 1 [ WHEATLEY ],3,MCCARTHY-Liam@SPORTFOREVER.uk,1971-12-18,SPORT FOREVER UK 2
SMITH,Aaron,44,7346040441,2012-06-17,GUNAVALLA [ SULLOM ],3,SMITH-Aaron@SPORTFOREVER.uk,1981-03-02,SPORT FOREVER UK 2
RICHARDSON,Lucas,44,8167353741,2017-01-03,5-6 LONG LANE [ ROWLEY REGIS ],3,RICHARDSON-Lucas@SPORTFOREVER.uk,1986-09-30,SPORT FOREVER UK 1
SPENCER,Adèle,44,1825059937,2015-01-17,ASHCROFT HOUSE ERVINGTON COURT [ LEICESTER ],3,SPENCER-Adèle@SPORTFOREVER.uk,1978-09-04,SPORT FOREVER UK 1
BARNES,Emma,44,1919639394,2011-10-31,25 KENWYN ROAD [ LONDON ],3,BARNES-Emma@SPORTFOREVER.uk,1961-03-11,SPORT FOREVER UK 1
SUMMERS,Léandre,44,1097263359,2018-08-05,2 THE NURSERIES [ CARLISLE ],3,SUMMERS-Léandre@SPORTFOREVER.uk,1961-11-29,SPORT FOREVER UK 3
HARDY,Lina,44,197050928,2018-12-19,ALBION HOUSE [ HORSHAM ],3,HARDY-Lina@SPORTFOREVER.uk,1975-10-24,SPORT FOREVER UK 3
GARCIA,Inaya,44,7014025459,2015-06-12,NEWLAND FAWR FARM NEWLAND FAWR FARM [ BRIDGEND ],2,GARCIA-Inaya@SPORTFOREVER.uk,1985-12-13,SPORT FOREVER UK 1
PENA,Camille,44,8009319530,2018-12-24,SOUTHLANDS MEIDREM ROAD [ CARMARTHEN ],3,PENA-Camille@SPORTFOREVER.uk,1970-03-05,SPORT FOREVER UK 3
ROBERSON,Augustin,44,7940112919,2011-06-03,UNITS 5-6 VERNON MILL [ STOCKPORT ],3,ROBERSON-Augustin@SPORTFOREVER.uk,1957-08-24,SPORT FOREVER UK 3
FRAZIER,Gabin,44,4789652632,2012-04-02,"2ND FLOOR, REGIS HOUSE, 45 [ LONDON ]",3,FRAZIER-Gabin@SPORTFOREVER.uk,1962-05-01,SPORT FOREVER UK 3
STEVENSON,Noa,44,9865638601,2012-03-06,43 CORONET STREET [ LONDON ],3,STEVENSON-Noa@SPORTFOREVER.uk,1966-09-09,SPORT FOREVER UK 2
OSBORNE,Clémence,44,5127840627,2020-08-29,WOODLANDS 54 CODNOR DENBY LANE [ RIPLEY ],3,OSBORNE-Clémence@SPORTFOREVER.uk,1979-10-09,SPORT FOREVER UK 1
SANCHEZ,Alix,44,5586145595,2016-09-15,302 SELBOURNE ROAD [ BEDFORDSHIRE ],3,SANCHEZ-Alix@SPORTFOREVER.uk,1962-09-10,SPORT FOREVER UK 1
KING,Lucien,44,1520804752,2017-12-17,UNIT 1 [ WHEATLEY ],3,KING-Lucien@SPORTFOREVER.uk,1990-07-24,SPORT FOREVER UK 1
GUERRA,David,44,701895412,2011-03-30,#4 3 CORFTON ROAD [ LONDON ],3,GUERRA-David@SPORTFOREVER.uk,1983-06-30,SPORT FOREVER UK 3
HENDERSON,Océane,44,9345682374,2011-01-10,7 LINDUM TERRACE [ LINCOLN ],3,HENDERSON-Océane@SPORTFOREVER.uk,1963-01-28,SPORT FOREVER UK 3
EVANS,Célestine,44,8819236703,2019-01-26,5 GORSE DOWN [ WINCHESTER ],2,EVANS-Célestine@SPORTFOREVER.uk,1998-04-07,SPORT FOREVER UK 3
FUENTES,Yanis,44,8140189847,2010-02-04,SUNNYSIDE [ BOLTON ],3,FUENTES-Yanis@SPORTFOREVER.uk,1980-05-26,SPORT FOREVER UK 1
SNYDER,Anna,44,6226391480,2014-06-11,"KENBY FARM, OWSTWICK [ WITHERNSEA ]",3,SNYDER-Anna@SPORTFOREVER.uk,1975-03-03,SPORT FOREVER UK 2
FOWLER,David,44,1087511097,2018-03-07,32 MAIN STREET [ NOTTINGHAM ],3,FOWLER-David@SPORTFOREVER.uk,1982-01-05,SPORT FOREVER UK 1
MOLINA,Maria,44,621589775,2013-12-02,PEGASUS HOUSE 5 WINCKLEY COURT [ PRESTON ],3,MOLINA-Maria@SPORTFOREVER.uk,1996-09-15,SPORT FOREVER UK 1
BYRD,Léna,44,765567822,2017-04-03,UNITS 5/6 VERNON MILL MERSEY STREET [ STOCKPORT ],3,BYRD-Léna@SPORTFOREVER.uk,1997-04-10,SPORT FOREVER UK 2
TRUJILLO,Romane,44,8670082399,2020-08-27,MILFORD HOUSE [ BAKEWELL ],3,TRUJILLO-Romane@SPORTFOREVER.uk,1990-01-31,SPORT FOREVER UK 1
NEAL,Adrien,44,6035184415,2019-07-09,565 WASHWOOD HEATH ROAD [ BIRMINGHAM ],3,NEAL-Adrien@SPORTFOREVER.uk,1995-03-25,SPORT FOREVER UK 3
GLOVER,Milan,44,2221126294,2019-09-04,105 MANOR COURT ROAD [ NUNEATON ],3,GLOVER-Milan@SPORTFOREVER.uk,1971-11-13,SPORT FOREVER UK 1
GALLAGHER,Noah,44,676988174,2019-10-19,MILFORD HOUSE [ BAKEWELL ],3,GALLAGHER-Noah@SPORTFOREVER.uk,1982-08-29,SPORT FOREVER UK 3
MOODY,Léopold,44,7607665474,2012-03-03,ELLERBURN HOUSE [ HUBY ],3,MOODY-Léopold@SPORTFOREVER.uk,1986-12-07,SPORT FOREVER UK 3
FLORES,Valentin,44,6134374980,2014-02-11,32 MAIN STREET [ NOTTINGHAM ],3,FLORES-Valentin@SPORTFOREVER.uk,1962-12-09,SPORT FOREVER UK 3
DELEON,Aaron,32,40482951,2018-09-14,Chaussée de Haecht [ Evere ],3,DELEON-Aaron@SPORTFOREVER.be,1966-09-22,SPORT FOREVER BE 1
GREER,Salomé,32,28674401,2018-07-09,Avenue Van Volxem [ Forest ],3,GREER-Salomé@SPORTFOREVER.be,1973-12-02,SPORT FOREVER BE 1
CLARKE,Alice,32,58446910,2012-12-06,Rue Théophile De Baisieux [ Bruxelles ],3,CLARKE-Alice@SPORTFOREVER.be,1968-12-07,SPORT FOREVER BE 3
GREEN,Lya,32,89720691,2012-07-07,Rue Hector Denis [ Ixelles ],2,GREEN-Lya@SPORTFOREVER.be,1987-08-22,SPORT FOREVER BE 1
MURPHY,Sarah,32,61288820,2010-02-08,Rue Braemt [ Saint-Josse-ten-Noode ],3,MURPHY-Sarah@SPORTFOREVER.be,1970-04-16,SPORT FOREVER BE 4
MORROW,Elena,32,85520705,2018-09-29,Boulevard de Smet de Naeyer [ Bruxelles ],3,MORROW-Elena@SPORTFOREVER.be,1975-10-21,SPORT FOREVER BE 4
AYALA,Antoine,32,86672165,2014-05-22,Avenue Fonsny [ Saint-Gilles ],3,AYALA-Antoine@SPORTFOREVER.be,1985-10-03,SPORT FOREVER BE 1
PAUL,Yanis,32,27831578,2017-03-04,Rue Charles Degroux [ Etterbeek ],3,PAUL-Yanis@SPORTFOREVER.be,1996-07-14,SPORT FOREVER BE 4
CHAN,Assia,32,14326701,2012-06-12,Avenue des Jardins [ Schaerbeek ],3,CHAN-Assia@SPORTFOREVER.be,1974-08-22,SPORT FOREVER BE 3
WILLIAMS,Lola,32,21918185,2018-12-05,Rue Josaphat [ Schaerbeek ],3,WILLIAMS-Lola@SPORTFOREVER.be,1979-06-20,SPORT FOREVER BE 1
SILVA,Léonie,32,11142639,2013-06-30,Rue Mommaerts [ Molenbeek-Saint-Jean ],3,SILVA-Léonie@SPORTFOREVER.be,1975-09-25,SPORT FOREVER BE 3
LARSEN,Soan,32,26133235,2020-01-04,Avenue Impératrice Charlotte [ Bruxelles ],3,LARSEN-Soan@SPORTFOREVER.be,1983-05-11,SPORT FOREVER BE 2
KRAMER,Léo,32,89482236,2016-05-13,Rue Rogier [ Schaerbeek ],3,KRAMER-Léo@SPORTFOREVER.be,1979-01-03,SPORT FOREVER BE 1
DANIELS,Amir,32,11896273,2020-07-31,Rue Charles Degroux [ Etterbeek ],3,DANIELS-Amir@SPORTFOREVER.be,1994-09-30,SPORT FOREVER BE 4
FERNANDEZ,Valentin,32,58432366,2020-02-24,Avenue de la Sapinière [ Uccle ],3,FERNANDEZ-Valentin@SPORTFOREVER.be,1963-10-23,SPORT FOREVER BE 1
HUBBARD,Basile,32,38601251,2013-08-26,Chaussée de Wavre [ Etterbeek ],3,HUBBARD-Basile@SPORTFOREVER.be,1971-01-17,SPORT FOREVER BE 3
SUTTON,Lucie,32,63019594,2010-02-04,Rue de l'Aurore [ Bruxelles ],3,SUTTON-Lucie@SPORTFOREVER.be,1989-05-02,SPORT FOREVER BE 4
STRICKLAND,Simon,32,65289858,2018-03-07,Chaussée de Haecht [ Evere ],3,STRICKLAND-Simon@SPORTFOREVER.be,1989-12-11,SPORT FOREVER BE 3
BRUCE,Ilyes,32,29505543,2012-09-01,Avenue des Scarabées [ Bruxelles ],3,BRUCE-Ilyes@SPORTFOREVER.be,1981-12-16,SPORT FOREVER BE 5
CHRISTENSEN,Alexandre,32,23330797,2015-07-14,Rue Linné [ Saint-Josse-ten-Noode ],3,CHRISTENSEN-Alexandre@SPORTFOREVER.be,1995-10-07,SPORT FOREVER BE 4
GIBSON,Emy,32,4050635,2020-03-01,Rue de l'Aurore [ Bruxelles ],3,GIBSON-Emy@SPORTFOREVER.be,1976-05-09,SPORT FOREVER BE 1
GOODWIN,Tom,32,35106940,2018-07-29,Avenue des Faons [ Uccle ],2,GOODWIN-Tom@SPORTFOREVER.be,1976-12-29,SPORT FOREVER BE 1
RANDALL,Sacha,32,45312427,2013-07-04,Rue du Romarin [ Bruxelles ],3,RANDALL-Sacha@SPORTFOREVER.be,1994-04-03,SPORT FOREVER BE 4
MARTINEZ,Alicia,32,44763107,2016-10-11,Rue Hector Denis [ Ixelles ],3,MARTINEZ-Alicia@SPORTFOREVER.be,1968-01-30,SPORT FOREVER BE 3
ROTH,Joseph,32,78745524,2017-04-25,Rue de Grand-Bigard [ Berchem-Sainte-Agathe ],3,ROTH-Joseph@SPORTFOREVER.be,1989-04-27,SPORT FOREVER BE 5
PRICE,Charlie,32,87478423,2010-03-26,Chaussée d'Alsemberg [ Uccle ],2,PRICE-Charlie@SPORTFOREVER.be,1984-08-22,SPORT FOREVER BE 3
BALDWIN,Mya,32,63882952,2012-06-01,Rue du Prévôt [ Ixelles ],3,BALDWIN-Mya@SPORTFOREVER.be,1979-01-28,SPORT FOREVER BE 4
CAIN,Julia,32,47012106,2012-04-26,Rue de l'Aurore [ Bruxelles ],3,CAIN-Julia@SPORTFOREVER.be,1989-01-04,SPORT FOREVER BE 1
TORRES,Amine,32,74126511,2017-05-23,Avenue Impératrice Charlotte [ Bruxelles ],3,TORRES-Amine@SPORTFOREVER.be,1979-10-29,SPORT FOREVER BE 3
CALDWELL,Louna,32,75658698,2020-10-25,Rue de la Rhétorique [ Saint-Gilles ],2,CALDWELL-Louna@SPORTFOREVER.be,1984-06-26,SPORT FOREVER BE 5
HICKS,Maria,32,70289676,2010-04-17,Avenue des Vaillants [ Woluwe-Saint-Lambert ],2,HICKS-Maria@SPORTFOREVER.be,1968-06-25,SPORT FOREVER BE 2
MUELLER,Maxence,32,91597476,2016-04-20,Rue des Petits Carmes [ Bruxelles ],3,MUELLER-Maxence@SPORTFOREVER.be,1963-11-12,SPORT FOREVER BE 1
BENNETT,Mya,32,63178822,2017-06-21,Grand-Place [ Bruxelles ],3,BENNETT-Mya@SPORTFOREVER.be,1961-11-02,SPORT FOREVER BE 1
FARMER,Charly,32,54908956,2018-09-16,Rue Léopold I [ Bruxelles ],3,FARMER-Charly@SPORTFOREVER.be,1983-02-08,SPORT FOREVER BE 2
GILL,Noa,32,29498590,2018-04-09,Avenue Princesse Elisabeth [ Schaerbeek ],3,GILL-Noa@SPORTFOREVER.be,1994-09-08,SPORT FOREVER BE 2
YORK,Victor,32,8239058,2015-09-27,Avenue Impératrice Charlotte [ Bruxelles ],3,YORK-Victor@SPORTFOREVER.be,1984-12-08,SPORT FOREVER BE 3
LOVE,Jade,32,31199908,2015-04-01,Avenue Van Volxem [ Forest ],3,LOVE-Jade@SPORTFOREVER.be,1977-07-03,SPORT FOREVER BE 4
BRADFORD,Antonin,32,7956895,2020-05-09,Avenue Orban [ Woluwe-Saint-Pierre ],3,BRADFORD-Antonin@SPORTFOREVER.be,1975-02-02,SPORT FOREVER BE 3
MCDONALD,Tom,32,30387772,2020-01-23,Avenue Commandant Lothaire [ Etterbeek ],2,MCDONALD-Tom@SPORTFOREVER.be,1969-11-30,SPORT FOREVER BE 2
CONLEY,Juliette,32,53395039,2020-09-13,Rue Verte [ Schaerbeek ],3,CONLEY-Juliette@SPORTFOREVER.be,1985-11-24,SPORT FOREVER BE 2
LAMB,Manon,32,10373909,2018-01-06,Place du Châtelain [ Ixelles ],3,LAMB-Manon@SPORTFOREVER.be,1968-06-30,SPORT FOREVER BE 3
MCGUIRE,Nathan,32,90056719,2019-06-04,Boulevard Léopold II [ Molenbeek-Saint-Jean ],3,MCGUIRE-Nathan@SPORTFOREVER.be,1992-03-31,SPORT FOREVER BE 1
ROBBINS,Capucine,32,72736323,2014-05-01,Avenue des Ménestrels [ Anderlecht ],3,ROBBINS-Capucine@SPORTFOREVER.be,1962-03-02,SPORT FOREVER BE 4
CUNNINGHAM,Axel,32,42567303,2011-10-07,Rue Grétry [ Bruxelles ],3,CUNNINGHAM-Axel@SPORTFOREVER.be,1974-11-30,SPORT FOREVER BE 4
BOYD,Samuel,32,1857739,2016-03-07,Rue Gérard [ Etterbeek ],3,BOYD-Samuel@SPORTFOREVER.be,1981-03-03,SPORT FOREVER BE 3
BRIDGES,Lyna,32,19525970,2014-08-26,Rue de Roumanie [ Saint-Gilles ],3,BRIDGES-Lyna@SPORTFOREVER.be,1965-11-30,SPORT FOREVER BE 1
ROBERTSON,Gaspard,32,97462400,2011-06-18,Rue Charles Pas [ Auderghem ],3,ROBERTSON-Gaspard@SPORTFOREVER.be,1977-09-21,SPORT FOREVER BE 1
SIMMONS,Lucie,32,8773341,2020-06-27,Rue Théophile De Baisieux [ Bruxelles ],3,SIMMONS-Lucie@SPORTFOREVER.be,1980-08-15,SPORT FOREVER BE 1
MCKENZIE,Léopold,32,69423902,2012-09-02,Avenue Albert Dumont [ Woluwe-Saint-Lambert ],3,MCKENZIE-Léopold@SPORTFOREVER.be,1992-01-11,SPORT FOREVER BE 2
WASHINGTON,Adèle,32,38823609,2015-02-05,Rue Vanderkindere [ Uccle ],3,WASHINGTON-Adèle@SPORTFOREVER.be,1981-05-22,SPORT FOREVER BE 5
MACK,Elio,32,96778136,2019-06-28,Rue Vandeweyer [ Schaerbeek ],3,MACK-Elio@SPORTFOREVER.be,1993-04-18,SPORT FOREVER BE 5
WATKINS,Sacha,32,49184399,2018-10-29,Rue de Monténégro [ Saint-Gilles ],3,WATKINS-Sacha@SPORTFOREVER.be,1975-05-18,SPORT FOREVER BE 3
KRAMER,Mya,32,83223551,2016-07-01,Rue Théodore De Cuyper [ Woluwe-Saint-Lambert ],2,KRAMER-Mya@SPORTFOREVER.be,1960-04-22,SPORT FOREVER BE 3
MCDANIEL,Nathan,32,42780512,2015-02-22,Avenue Colonel Picquart [ Schaerbeek ],3,MCDANIEL-Nathan@SPORTFOREVER.be,1964-03-02,SPORT FOREVER BE 4
LEONARD,Noah,32,36150216,2015-06-12,Rue Médori [ Bruxelles ],3,LEONARD-Noah@SPORTFOREVER.be,1967-04-27,SPORT FOREVER BE 1
PACHECO,Charlie,32,98485011,2020-08-22,Avenue des Ombrages [ Woluwe-Saint-Lambert ],3,PACHECO-Charlie@SPORTFOREVER.be,1991-09-18,SPORT FOREVER BE 5
DAVIS,Mathis,32,76788453,2017-05-04,Rue Pannenhuis [ Jette ],3,DAVIS-Mathis@SPORTFOREVER.be,1989-01-12,SPORT FOREVER BE 4
BUCHANAN,Théo,32,12738177,2012-03-23,Rue des Archers [ Koekelberg ],3,BUCHANAN-Théo@SPORTFOREVER.be,1979-12-08,SPORT FOREVER BE 2
ERICKSON,Valentin,32,15765869,2019-07-26,Avenue Colonel Picquart [ Schaerbeek ],3,ERICKSON-Valentin@SPORTFOREVER.be,1966-02-10,SPORT FOREVER BE 2
BRADFORD,Salomé,32,24025924,2018-10-23,Rue de l'Abdication [ Bruxelles ],3,BRADFORD-Salomé@SPORTFOREVER.be,1992-02-25,SPORT FOREVER BE 3
QUINN,Hugo,32,1620014,2018-05-23,Avenue du Diamant [ Schaerbeek ],3,QUINN-Hugo@SPORTFOREVER.be,1993-03-16,SPORT FOREVER BE 5
KELLY,Lou,32,23017281,2014-09-01,Rue Van Kalck [ Molenbeek-Saint-Jean ],3,KELLY-Lou@SPORTFOREVER.be,1994-03-12,SPORT FOREVER BE 5
LEON,Louna,32,51811412,2010-05-19,Rue du Luxembourg [ Bruxelles ],3,LEON-Louna@SPORTFOREVER.be,1955-11-25,SPORT FOREVER BE 2
MORAN,Juliette,32,57802578,2015-05-22,Chaussée de Haecht [ Evere ],3,MORAN-Juliette@SPORTFOREVER.be,1979-07-10,SPORT FOREVER BE 4
RIVAS,Jade,32,39060145,2011-10-28,Rue de Neerpede [ Anderlecht ],3,RIVAS-Jade@SPORTFOREVER.be,1990-01-30,SPORT FOREVER BE 1
PAYNE,Naël,32,9839846,2010-07-31,Rue des Archers [ Koekelberg ],3,PAYNE-Naël@SPORTFOREVER.be,1954-02-25,SPORT FOREVER BE 2
SALAZAR,Jules,32,19439229,2020-05-07,Rue Théophile De Baisieux [ Bruxelles ],3,SALAZAR-Jules@SPORTFOREVER.be,2000-09-14,SPORT FOREVER BE 1
LI,Alix,32,63988858,2016-01-26,Rue de Theux [ Ixelles ],3,LI-Alix@SPORTFOREVER.be,1988-01-13,SPORT FOREVER BE 1
BOWMAN,Céleste,32,48443641,2011-05-13,Rue Stéphanie [ Bruxelles ],3,BOWMAN-Céleste@SPORTFOREVER.be,1957-03-14,SPORT FOREVER BE 5
SALAZAR,Hugo,32,55881288,2018-02-13,Avenue Gustave Latinis [ Schaerbeek ],3,SALAZAR-Hugo@SPORTFOREVER.be,1978-12-27,SPORT FOREVER BE 2
CARROLL,Gabriel,32,67255192,2019-10-07,Rue de l'Abdication [ Bruxelles ],3,CARROLL-Gabriel@SPORTFOREVER.be,1966-07-26,SPORT FOREVER BE 1
HUNT,Elio,32,67171499,2014-06-16,Rue Charles Martel [ Bruxelles ],2,HUNT-Elio@SPORTFOREVER.be,1969-08-29,SPORT FOREVER BE 2
ROSS,Baptiste,32,979315,2016-07-01,Boulevard d'Ypres [ Bruxelles ],3,ROSS-Baptiste@SPORTFOREVER.be,1964-04-26,SPORT FOREVER BE 1
TRAN,Apolline,32,89281122,2011-07-19,Rue Théophile De Baisieux [ Bruxelles ],3,TRAN-Apolline@SPORTFOREVER.be,1977-07-26,SPORT FOREVER BE 1
HENRY,Ethan,32,6911671,2017-11-01,Avenue des Ménestrels [ Anderlecht ],3,HENRY-Ethan@SPORTFOREVER.be,1981-07-24,SPORT FOREVER BE 5
PACHECO,Charlotte,32,651328,2014-03-11,Rue du Melkriek [ Uccle ],3,PACHECO-Charlotte@SPORTFOREVER.be,1987-05-10,SPORT FOREVER BE 2
CAIN,Louisa,32,72210566,2017-06-03,Avenue Eugène Demolder [ Schaerbeek ],3,CAIN-Louisa@SPORTFOREVER.be,1974-02-06,SPORT FOREVER BE 4
MONTOYA,Côme,32,79250677,2017-07-21,Chaussée de Wavre [ Etterbeek ],3,MONTOYA-Côme@SPORTFOREVER.be,1961-10-31,SPORT FOREVER BE 2
MALONE,Kenzo,32,62308373,2020-08-06,Rue de la Rhétorique [ Saint-Gilles ],3,MALONE-Kenzo@SPORTFOREVER.be,1994-03-13,SPORT FOREVER BE 5
SHELTON,Capucine,32,59353192,2011-09-09,Rue des Touristes [ Watermael-Boitsfort ],2,SHELTON-Capucine@SPORTFOREVER.be,1973-01-16,SPORT FOREVER BE 3
CERVANTES,Jade,32,45360397,2011-10-10,Rue Théophile De Baisieux [ Bruxelles ],3,CERVANTES-Jade@SPORTFOREVER.be,1970-08-30,SPORT FOREVER BE 1
SKINNER,Manon,32,2992139,2015-07-28,Rue de Linthout [ Schaerbeek ],3,SKINNER-Manon@SPORTFOREVER.be,1967-05-04,SPORT FOREVER BE 2
GUERRERO,Marius,32,51007110,2011-04-10,Drève d'Anjou [ Forest ],2,GUERRERO-Marius@SPORTFOREVER.be,1955-01-21,SPORT FOREVER BE 3
ROBINSON,Enzo,32,76280561,2016-07-01,Avenue Pré des Agneaux [ Auderghem ],3,ROBINSON-Enzo@SPORTFOREVER.be,1997-03-26,SPORT FOREVER BE 1
COLLIER,Augustin,32,28895739,2015-06-13,Rue de la Reinette [ Bruxelles ],3,COLLIER-Augustin@SPORTFOREVER.be,1986-01-26,SPORT FOREVER BE 2
BUTLER,Adèle,32,16211826,2016-06-22,Avenue du Cimetière de Bruxelles [ Evere ],3,BUTLER-Adèle@SPORTFOREVER.be,1979-06-08,SPORT FOREVER BE 3
DRAKE,Rose,32,86690152,2014-12-29,Place des Héros [ Saint-Gilles ],3,DRAKE-Rose@SPORTFOREVER.be,1988-12-18,SPORT FOREVER BE 2
FIELDS,Nina,32,10366618,2016-06-20,Chaussée de Stockel [ Woluwe-Saint-Lambert ],2,FIELDS-Nina@SPORTFOREVER.be,1968-07-07,SPORT FOREVER BE 3
WILLIAMS,Louise,32,77259430,2011-05-14,Drève d'Anjou [ Forest ],3,WILLIAMS-Louise@SPORTFOREVER.be,1975-09-26,SPORT FOREVER BE 2
STONE,Sarah,32,33349784,2014-03-15,Avenue Van Volxem [ Forest ],3,STONE-Sarah@SPORTFOREVER.be,1961-05-01,SPORT FOREVER BE 3
SCHNEIDER,Liam,32,6349223,2020-07-07,Rue des Palais Outre-Ponts [ Bruxelles ],3,SCHNEIDER-Liam@SPORTFOREVER.be,1964-11-22,SPORT FOREVER BE 5
ROSS,Lucien,32,8821987,2012-05-18,Rue Camille Simoens [ Schaerbeek ],3,ROSS-Lucien@SPORTFOREVER.be,1972-12-15,SPORT FOREVER BE 1
CLARKE,Justine,32,72620117,2011-08-07,Rue de la Seigneurie [ Bruxelles ],3,CLARKE-Justine@SPORTFOREVER.be,1980-01-15,SPORT FOREVER BE 1
GARRETT,Justine,32,71912167,2018-04-14,Rue Médori [ Bruxelles ],3,GARRETT-Justine@SPORTFOREVER.be,1994-01-01,SPORT FOREVER BE 2
TERRY,Amine,32,62965051,2012-09-27,Rue de l'Expansion [ Anderlecht ],3,TERRY-Amine@SPORTFOREVER.be,1991-07-03,SPORT FOREVER BE 1
MILLER,Maël,32,37342321,2017-06-06,Rue de la Sécurité [ Koekelberg ],2,MILLER-Maël@SPORTFOREVER.be,1996-03-04,SPORT FOREVER BE 2
BLAIR,Liam,32,72357616,2014-05-17,Rue Linné [ Saint-Josse-ten-Noode ],3,BLAIR-Liam@SPORTFOREVER.be,1982-06-30,SPORT FOREVER BE 5
JENSEN,Simon,32,29865688,2010-10-15,Rue de la Victoire [ Saint-Gilles ],3,JENSEN-Simon@SPORTFOREVER.be,1984-04-25,SPORT FOREVER BE 2
HOPKINS,Julia,32,34980634,2015-12-27,Rue du Viaduc [ Ixelles ],3,HOPKINS-Julia@SPORTFOREVER.be,1971-10-26,SPORT FOREVER BE 2
MCGEE,Louis,32,95941456,2011-03-23,Rue Blaes [ Bruxelles ],3,MCGEE-Louis@SPORTFOREVER.be,1955-06-25,SPORT FOREVER BE 2
HILL,Théa,32,9503776,2016-07-23,Clos des Fuchsias [ Forest ],3,HILL-Théa@SPORTFOREVER.be,1977-12-07,SPORT FOREVER BE 5
PERRY,Arthur,32,79550222,2011-08-29,Rue Edouard Fiers [ Schaerbeek ],3,PERRY-Arthur@SPORTFOREVER.be,1983-05-17,SPORT FOREVER BE 2
MASSEY,Lyam,32,98216527,2013-03-31,Avenue Eugène Demolder [ Schaerbeek ],3,MASSEY-Lyam@SPORTFOREVER.be,1988-03-18,SPORT FOREVER BE 5
STEWART,Marie,32,86689481,2015-02-21,Avenue Albert Dumont [ Woluwe-Saint-Lambert ],3,STEWART-Marie@SPORTFOREVER.be,1975-10-11,SPORT FOREVER BE 5
HUDSON,Charlotte,32,49900684,2018-03-17,Avenue Orban [ Woluwe-Saint-Pierre ],3,HUDSON-Charlotte@SPORTFOREVER.be,1968-01-21,SPORT FOREVER BE 5
LEON,Alexandre,32,3480499,2014-01-15,Rue de l'Expansion [ Anderlecht ],3,LEON-Alexandre@SPORTFOREVER.be,1995-03-09,SPORT FOREVER BE 4
FOWLER,Lisa,32,30527067,2016-01-30,Rue Théophile De Baisieux [ Bruxelles ],3,FOWLER-Lisa@SPORTFOREVER.be,1989-07-21,SPORT FOREVER BE 2
BROWN,Lou,32,30626356,2019-12-27,Rue de Linthout [ Schaerbeek ],3,BROWN-Lou@SPORTFOREVER.be,1989-05-25,SPORT FOREVER BE 1
WALL,Eva,32,62496475,2020-03-19,Rue Charles Pas [ Auderghem ],3,WALL-Eva@SPORTFOREVER.be,1971-10-02,SPORT FOREVER BE 4
SANDOVAL,Robin,32,48749944,2018-07-08,Rue Tazieaux [ Molenbeek-Saint-Jean ],3,SANDOVAL-Robin@SPORTFOREVER.be,1975-11-22,SPORT FOREVER BE 4
SUTTON,Ezio,32,70868688,2011-07-19,Rue Verte [ Schaerbeek ],3,SUTTON-Ezio@SPORTFOREVER.be,1963-02-16,SPORT FOREVER BE 1
PRATT,Mathéo,32,29265000,2019-04-18,Rue Berckmans [ Saint-Gilles ],3,PRATT-Mathéo@SPORTFOREVER.be,1963-12-07,SPORT FOREVER BE 1
WILLIS,Charles,32,45146594,2019-06-24,Rue Pannenhuis [ Jette ],3,WILLIS-Charles@SPORTFOREVER.be,1997-12-05,SPORT FOREVER BE 3
HARRINGTON,Agathe,32,91976262,2016-05-31,Rue de l'Aurore [ Bruxelles ],3,HARRINGTON-Agathe@SPORTFOREVER.be,1975-12-16,SPORT FOREVER BE 5
OLIVER,Victor,32,57731202,2011-03-01,Avenue Albert Dumont [ Woluwe-Saint-Lambert ],2,OLIVER-Victor@SPORTFOREVER.be,1967-10-04,SPORT FOREVER BE 4
ARNOLD,Manon,32,56350190,2013-02-23,Rue Stéphanie [ Bruxelles ],3,ARNOLD-Manon@SPORTFOREVER.be,1978-06-10,SPORT FOREVER BE 1
SULLIVAN,Noah,32,92983073,2018-02-10,Chaussée de Bruxelles [ Forest ],3,SULLIVAN-Noah@SPORTFOREVER.be,1994-12-03,SPORT FOREVER BE 5
SUTTON,Lina,32,58757350,2017-01-12,Rue Vanderkindere [ Uccle ],3,SUTTON-Lina@SPORTFOREVER.be,1985-02-16,SPORT FOREVER BE 3
THOMAS,Hugo,32,58559900,2014-03-20,Boulevard d'Ypres [ Bruxelles ],3,THOMAS-Hugo@SPORTFOREVER.be,1980-09-08,SPORT FOREVER BE 4
THOMAS,Emma,32,74229716,2019-10-22,Rue du Coq [ Uccle ],3,THOMAS-Emma@SPORTFOREVER.be,2002-02-22,SPORT FOREVER BE 5
HAYNES,Noah,32,95862076,2015-01-01,Avenue du Centaure [ Woluwe-Saint-Lambert ],2,HAYNES-Noah@SPORTFOREVER.be,1990-09-10,SPORT FOREVER BE 4
ALLISON,Nolan,32,95146053,2020-09-05,Avenue Prekelinden [ Woluwe-Saint-Lambert ],3,ALLISON-Nolan@SPORTFOREVER.be,1996-06-25,SPORT FOREVER BE 4
COLEMAN,Elias,32,36914821,2014-10-25,Avenue Albert Dumont [ Woluwe-Saint-Lambert ],3,COLEMAN-Elias@SPORTFOREVER.be,1978-01-30,SPORT FOREVER BE 1
OSBORNE,Lucie,32,59500039,2015-09-30,Boulevard d'Ypres [ Bruxelles ],3,OSBORNE-Lucie@SPORTFOREVER.be,1968-01-02,SPORT FOREVER BE 5
ARMSTRONG,Yanis,32,12688854,2011-04-03,Rue Charles Degroux [ Etterbeek ],2,ARMSTRONG-Yanis@SPORTFOREVER.be,1988-01-01,SPORT FOREVER BE 4
SCHMIDT,Noah,32,42788287,2010-10-01,Rue de l'Emancipation [ Anderlecht ],3,SCHMIDT-Noah@SPORTFOREVER.be,1986-11-05,SPORT FOREVER BE 3
COLE,Louna,32,52925295,2012-02-17,Rue Rittweger [ Uccle ],3,COLE-Louna@SPORTFOREVER.be,1986-06-15,SPORT FOREVER BE 1
HUGHES,Olivia,32,79081214,2016-12-27,Avenue Gustave Latinis [ Schaerbeek ],3,HUGHES-Olivia@SPORTFOREVER.be,1960-06-26,SPORT FOREVER BE 5
FUENTES,Célia,32,75060350,2019-09-14,Rue de l'Expansion [ Anderlecht ],3,FUENTES-Célia@SPORTFOREVER.be,1998-04-29,SPORT FOREVER BE 1
MASSEY,Soan,32,43612030,2015-05-22,Rue de l'Aqueduc [ Saint-Gilles ],3,MASSEY-Soan@SPORTFOREVER.be,1987-09-24,SPORT FOREVER BE 4
POPE,Sarah,32,27057750,2010-08-14,Rue Harenheyde [ Bruxelles ],3,POPE-Sarah@SPORTFOREVER.be,1978-09-11,SPORT FOREVER BE 4
STEPHENS,Enzo,32,77348973,2011-03-03,Rue Charles Degroux [ Etterbeek ],3,STEPHENS-Enzo@SPORTFOREVER.be,1992-07-15,SPORT FOREVER BE 1
LAWRENCE,Ilyes,32,24776336,2017-03-04,Rue Linné [ Saint-Josse-ten-Noode ],3,LAWRENCE-Ilyes@SPORTFOREVER.be,1991-07-13,SPORT FOREVER BE 3
ALLEN,Paul,32,60102491,2017-09-28,Rue de la Reinette [ Bruxelles ],3,ALLEN-Paul@SPORTFOREVER.be,1993-01-12,SPORT FOREVER BE 5
LANG,Maxence,32,38682078,2016-01-08,Rue Théodore De Cuyper [ Woluwe-Saint-Lambert ],3,LANG-Maxence@SPORTFOREVER.be,1980-10-18,SPORT FOREVER BE 5
MONTOYA,Julia,32,76890891,2010-04-27,Avenue Prekelinden [ Woluwe-Saint-Lambert ],3,MONTOYA-Julia@SPORTFOREVER.be,1970-02-24,SPORT FOREVER BE 4
CHARLES,Maxence,32,64522676,2017-07-22,Chaussée de Haecht [ Evere ],3,CHARLES-Maxence@SPORTFOREVER.be,1973-10-17,SPORT FOREVER BE 4
SPENCER,Elias,32,75166078,2016-06-13,Chaussée de Ninove [ Anderlecht ],3,SPENCER-Elias@SPORTFOREVER.be,1974-07-16,SPORT FOREVER BE 5
LAWRENCE,Assia,32,96844012,2016-09-21,Rue Charles Martel [ Bruxelles ],3,LAWRENCE-Assia@SPORTFOREVER.be,1995-09-05,SPORT FOREVER BE 1
MAXWELL,Charlotte,32,95803279,2015-08-22,Avenue Maréchal Ney [ Uccle ],3,MAXWELL-Charlotte@SPORTFOREVER.be,1987-09-10,SPORT FOREVER BE 4
PALMER,Benjamin,32,69864158,2012-12-14,Rue du Prévôt [ Ixelles ],3,PALMER-Benjamin@SPORTFOREVER.be,1960-04-12,SPORT FOREVER BE 3
BECKER,Lily,32,49760057,2012-06-10,Avenue Pré des Agneaux [ Auderghem ],2,BECKER-Lily@SPORTFOREVER.be,1979-04-13,SPORT FOREVER BE 3
GORDON,Enzo,32,24698108,2016-05-06,Rue Wayenberg [ Ixelles ],3,GORDON-Enzo@SPORTFOREVER.be,1990-10-27,SPORT FOREVER BE 3
MURRAY,Soan,32,79811412,2010-05-16,Rue du Prévôt [ Ixelles ],3,MURRAY-Soan@SPORTFOREVER.be,1958-12-26,SPORT FOREVER BE 4
BREWER,Marceau,32,58813037,2015-02-14,Boulevard Emile Bockstael [ Bruxelles ],3,BREWER-Marceau@SPORTFOREVER.be,1979-12-04,SPORT FOREVER BE 1
CHEN,Basile,32,36504052,2015-04-26,Rue Hobbema [ Bruxelles ],3,CHEN-Basile@SPORTFOREVER.be,1983-04-01,SPORT FOREVER BE 1
PRATT,Valentine,32,293365,2019-08-10,Rue Linné [ Saint-Josse-ten-Noode ],3,PRATT-Valentine@SPORTFOREVER.be,1990-05-29,SPORT FOREVER BE 3
HARTMAN,Eva,32,64935178,2011-07-13,Rue de la Victoire [ Saint-Gilles ],3,HARTMAN-Eva@SPORTFOREVER.be,1984-10-07,SPORT FOREVER BE 1
PAGE,Maxime,32,10331682,2013-10-18,Rue des Hiboux [ Woluwe-Saint-Pierre ],3,PAGE-Maxime@SPORTFOREVER.be,1967-01-09,SPORT FOREVER BE 1
ROBERTSON,Juliette,32,27310581,2012-10-09,Rue François Gay [ Woluwe-Saint-Pierre ],3,ROBERTSON-Juliette@SPORTFOREVER.be,1986-03-02,SPORT FOREVER BE 2
CARR,Kylian,32,17008920,2018-09-06,Rue Braemt [ Saint-Josse-ten-Noode ],3,CARR-Kylian@SPORTFOREVER.be,1962-11-20,SPORT FOREVER BE 3
KELLY,Elisa,32,19100229,2012-12-03,Rue de l'Expansion [ Anderlecht ],2,KELLY-Elisa@SPORTFOREVER.be,1987-04-04,SPORT FOREVER BE 5
FRANCO,Jeanne,32,43186813,2018-05-13,Rue Edouard Fiers [ Schaerbeek ],3,FRANCO-Jeanne@SPORTFOREVER.be,1999-02-02,SPORT FOREVER BE 2
OLIVER,Mila,32,83004397,2018-07-23,Rue de Grand-Bigard [ Berchem-Sainte-Agathe ],3,OLIVER-Mila@SPORTFOREVER.be,1978-10-16,SPORT FOREVER BE 4
HARMON,Eliott,32,33655244,2012-05-12,Avenue des Ombrages [ Woluwe-Saint-Lambert ],3,HARMON-Eliott@SPORTFOREVER.be,1974-10-16,SPORT FOREVER BE 2
BURTON,Mohamed,32,25372728,2013-10-23,Rue de la Victoire [ Saint-Gilles ],3,BURTON-Mohamed@SPORTFOREVER.be,1960-01-18,SPORT FOREVER BE 5
HOOD,Adrien,32,2104208,2017-12-17,Rue François Gay [ Woluwe-Saint-Pierre ],3,HOOD-Adrien@SPORTFOREVER.be,1988-09-08,SPORT FOREVER BE 2
DIAZ,Alix,32,19211837,2013-01-23,Rue Tazieaux [ Molenbeek-Saint-Jean ],3,DIAZ-Alix@SPORTFOREVER.be,1961-01-25,SPORT FOREVER BE 3
STANLEY,Léopold,32,42187026,2018-07-30,Rue du Viaduc [ Ixelles ],3,STANLEY-Léopold@SPORTFOREVER.be,1991-01-11,SPORT FOREVER BE 1
CLARK,Enzo,32,3249012,2019-12-17,Rue Victor Hugo [ Schaerbeek ],3,CLARK-Enzo@SPORTFOREVER.be,1996-01-12,SPORT FOREVER BE 5
WHITE,Nolan,32,22135502,2013-10-21,Rue Médori [ Bruxelles ],2,WHITE-Nolan@SPORTFOREVER.be,1991-08-02,SPORT FOREVER BE 1
CHAN,Zoé,32,42672760,2017-07-12,Avenue du Diamant [ Schaerbeek ],3,CHAN-Zoé@SPORTFOREVER.be,1971-01-23,SPORT FOREVER BE 5
BRADLEY,Charlotte,32,34929670,2017-04-25,Rue Tazieaux [ Molenbeek-Saint-Jean ],2,BRADLEY-Charlotte@SPORTFOREVER.be,1974-06-01,SPORT FOREVER BE 2
GONZALEZ,Elena,32,1162828,2018-04-19,Avenue des Ombrages [ Woluwe-Saint-Lambert ],2,GONZALEZ-Elena@SPORTFOREVER.be,1977-11-29,SPORT FOREVER BE 5
SANDOVAL,Maxime,32,43765300,2012-05-04,Rue des Faînes [ Bruxelles ],3,SANDOVAL-Maxime@SPORTFOREVER.be,1957-08-10,SPORT FOREVER BE 4
MILLS,Milan,32,35940462,2018-06-01,Avenue François Malherbe [ Anderlecht ],3,MILLS-Milan@SPORTFOREVER.be,1988-09-06,SPORT FOREVER BE 4
SMITH,Camille,32,77735450,2018-12-25,Rue Charles Pas [ Auderghem ],2,SMITH-Camille@SPORTFOREVER.be,1998-07-28,SPORT FOREVER BE 4
MATHIS,Lilou,32,30629557,2013-03-19,Rue Charles Degroux [ Etterbeek ],2,MATHIS-Lilou@SPORTFOREVER.be,1958-12-13,SPORT FOREVER BE 2
POOLE,Naïm,32,53188634,2016-02-10,Rue Blaes [ Bruxelles ],2,POOLE-Naïm@SPORTFOREVER.be,1984-10-02,SPORT FOREVER BE 5
SHORT,Mia,32,7416513,2019-10-27,Avenue Princesse Elisabeth [ Schaerbeek ],3,SHORT-Mia@SPORTFOREVER.be,1969-12-14,SPORT FOREVER BE 4
DAVIDSON,Noah,32,53304274,2013-05-11,Avenue Eugène Demolder [ Schaerbeek ],3,DAVIDSON-Noah@SPORTFOREVER.be,1969-02-08,SPORT FOREVER BE 4
LAMB,Julia,32,78541034,2016-10-08,Rue Berckmans [ Saint-Gilles ],3,LAMB-Julia@SPORTFOREVER.be,1988-04-12,SPORT FOREVER BE 3
SAUNDERS,Antonin,32,91550978,2019-05-24,Chaussée d'Alsemberg [ Uccle ],3,SAUNDERS-Antonin@SPORTFOREVER.be,1995-02-27,SPORT FOREVER BE 1
WALTON,Antoine,32,63675062,2016-10-30,Avenue Albert Dumont [ Woluwe-Saint-Lambert ],3,WALTON-Antoine@SPORTFOREVER.be,1982-12-16,SPORT FOREVER BE 4
REESE,Clément,32,64511290,2019-07-22,Boulevard Léopold II [ Molenbeek-Saint-Jean ],3,REESE-Clément@SPORTFOREVER.be,1968-01-21,SPORT FOREVER BE 3
RANDALL,Nolan,32,51887633,2014-06-01,Chaussée d'Alsemberg [ Uccle ],3,RANDALL-Nolan@SPORTFOREVER.be,1981-11-06,SPORT FOREVER BE 2
EDWARDS,Eva,32,13258430,2014-06-16,Avenue du Parc [ Saint-Gilles ],3,EDWARDS-Eva@SPORTFOREVER.be,1964-10-29,SPORT FOREVER BE 2
PATTERSON,Liam,32,23745883,2016-06-15,Chaussée d'Alsemberg [ Uccle ],3,PATTERSON-Liam@SPORTFOREVER.be,1968-08-08,SPORT FOREVER BE 1
FIGUEROA,Emma,32,9728649,2017-07-06,Rue Vandeweyer [ Schaerbeek ],3,FIGUEROA-Emma@SPORTFOREVER.be,1995-01-10,SPORT FOREVER BE 2
VAZQUEZ,Eliott,32,14804195,2017-05-02,Rue Théophile De Baisieux [ Bruxelles ],3,VAZQUEZ-Eliott@SPORTFOREVER.be,1978-01-19,SPORT FOREVER BE 4
KIRBY,Eliott,32,91930486,2017-03-03,Chaussée de Stockel [ Woluwe-Saint-Lambert ],3,KIRBY-Eliott@SPORTFOREVER.be,1978-06-08,SPORT FOREVER BE 3
DOUGLAS,Sofia,32,94079327,2018-12-29,Avenue Gustave Latinis [ Schaerbeek ],3,DOUGLAS-Sofia@SPORTFOREVER.be,1991-12-30,SPORT FOREVER BE 4
MOLINA,Capucine,32,60020407,2011-02-02,Rue du Viaduc [ Ixelles ],3,MOLINA-Capucine@SPORTFOREVER.be,1976-07-09,SPORT FOREVER BE 4
COLON,Nathan,32,1449170,2012-05-20,Rue du Romarin [ Bruxelles ],3,COLON-Nathan@SPORTFOREVER.be,1982-08-28,SPORT FOREVER BE 3
PATEL,Alix,32,44949966,2011-07-15,Rue Braemt [ Saint-Josse-ten-Noode ],3,PATEL-Alix@SPORTFOREVER.be,1971-07-26,SPORT FOREVER BE 3
HAMILTON,Amélia,32,41145879,2013-05-03,Avenue de l'Opale [ Schaerbeek ],3,HAMILTON-Amélia@SPORTFOREVER.be,1974-12-24,SPORT FOREVER BE 2
JACKSON,Charlie,32,63185709,2019-07-08,Boulevard d'Ypres [ Bruxelles ],2,JACKSON-Charlie@SPORTFOREVER.be,1967-09-25,SPORT FOREVER BE 3
MULLINS,Amine,32,3751579,2019-04-28,Avenue Commandant Lothaire [ Etterbeek ],3,MULLINS-Amine@SPORTFOREVER.be,1980-07-09,SPORT FOREVER BE 4
SCHMIDT,Antonin,32,55954445,2010-12-03,Rue du Lama [ Uccle ],3,SCHMIDT-Antonin@SPORTFOREVER.be,1976-07-31,SPORT FOREVER BE 3
CRAIG,Sofia,32,34198653,2011-05-15,Avenue Colonel Picquart [ Schaerbeek ],2,CRAIG-Sofia@SPORTFOREVER.be,1991-06-02,SPORT FOREVER BE 1
OWEN,Valentin,32,33935987,2019-09-20,Avenue Fonsny [ Saint-Gilles ],3,OWEN-Valentin@SPORTFOREVER.be,1993-01-09,SPORT FOREVER BE 4
LINDSEY,Hugo,32,45754188,2014-07-22,Drève d'Anjou [ Forest ],3,LINDSEY-Hugo@SPORTFOREVER.be,1961-07-27,SPORT FOREVER BE 3
RICE,Noah,32,45603038,2017-10-16,Rue de Linthout [ Schaerbeek ],3,RICE-Noah@SPORTFOREVER.be,1988-09-30,SPORT FOREVER BE 4
ROTH,Elias,32,63224518,2013-05-23,Rue Edouard Fiers [ Schaerbeek ],3,ROTH-Elias@SPORTFOREVER.be,1981-07-28,SPORT FOREVER BE 5
CHRISTENSEN,Baptiste,32,42901699,2010-03-01,Rue de la Victoire [ Saint-Gilles ],2,CHRISTENSEN-Baptiste@SPORTFOREVER.be,1965-04-29,SPORT FOREVER BE 4
CUMMINGS,Amine,32,5083819,2017-03-08,Rue de Linthout [ Schaerbeek ],3,CUMMINGS-Amine@SPORTFOREVER.be,1980-03-09,SPORT FOREVER BE 4
PITTMAN,Adam,32,68281993,2020-06-30,Rue Linné [ Saint-Josse-ten-Noode ],3,PITTMAN-Adam@SPORTFOREVER.be,1984-03-03,SPORT FOREVER BE 4
ROMAN,Nina,32,63592667,2011-07-26,Rue Rogier [ Schaerbeek ],3,ROMAN-Nina@SPORTFOREVER.be,1974-05-16,SPORT FOREVER BE 5
BERRY,Capucine,32,35934499,2019-01-03,Rue de l'Abdication [ Bruxelles ],3,BERRY-Capucine@SPORTFOREVER.be,1975-10-20,SPORT FOREVER BE 3
DAWSON,Baptiste,32,38499788,2012-09-09,Avenue Eugène Demolder [ Schaerbeek ],3,DAWSON-Baptiste@SPORTFOREVER.be,1963-02-07,SPORT FOREVER BE 1
ABBOTT,Ethan,32,5147342,2010-06-10,Rue des Faînes [ Bruxelles ],3,ABBOTT-Ethan@SPORTFOREVER.be,1982-03-08,SPORT FOREVER BE 3
OCHOA,Iris,32,48086978,2018-01-13,Rue Cayershuis [ Woluwe-Saint-Lambert ],3,OCHOA-Iris@SPORTFOREVER.be,1976-10-31,SPORT FOREVER BE 3
COOK,Margot,32,18869130,2016-02-29,Chaussée de Wavre [ Etterbeek ],3,COOK-Margot@SPORTFOREVER.be,1986-07-18,SPORT FOREVER BE 1
HERRERA,Mya,32,46285459,2020-04-24,Rue Van Gulick [ Bruxelles ],3,HERRERA-Mya@SPORTFOREVER.be,1969-10-03,SPORT FOREVER BE 3
ROBBINS,Clara,32,75117846,2020-09-18,Rue de l'Hôtel des Monnaies [ Saint-Gilles ],3,ROBBINS-Clara@SPORTFOREVER.be,1970-12-20,SPORT FOREVER BE 1
HAMILTON,Noa,32,95405995,2016-05-05,Rue du Coq [ Uccle ],3,HAMILTON-Noa@SPORTFOREVER.be,1964-02-24,SPORT FOREVER BE 5
PEARSON,Léna,32,10166399,2016-02-26,Avenue Van Volxem [ Forest ],3,PEARSON-Léna@SPORTFOREVER.be,1991-12-18,SPORT FOREVER BE 1
HOLT,Anna,32,10732646,2019-03-30,Avenue des Faons [ Uccle ],3,HOLT-Anna@SPORTFOREVER.be,1981-08-24,SPORT FOREVER BE 5
ADKINS,Noé,32,81765140,2017-12-04,Rue de l'Aurore [ Bruxelles ],2,ADKINS-Noé@SPORTFOREVER.be,1985-12-21,SPORT FOREVER BE 3
SHORT,Sarah,32,44463524,2014-04-19,Rue des Palais Outre-Ponts [ Bruxelles ],1,SHORT-Sarah@SPORTFOREVER.be,1986-07-26,SPORT FOREVER BE 1
JAMES,Théo,32,99408030,2012-03-20,Boulevard Emile Bockstael [ Bruxelles ],1,JAMES-Théo@SPORTFOREVER.be,1974-12-29,SPORT FOREVER BE 2
PIERCE,Léo,32,70010703,2015-10-02,Rue Pannenhuis [ Jette ],1,PIERCE-Léo@SPORTFOREVER.be,1958-11-07,SPORT FOREVER BE 3
COLLINS,Océane,32,22551059,2012-03-12,Rue Charles Degroux [ Etterbeek ],1,COLLINS-Océane@SPORTFOREVER.be,1983-04-17,SPORT FOREVER BE 4
HUBBARD,Lou,32,91897070,2011-06-28,Place du Châtelain [ Ixelles ],1,HUBBARD-Lou@SPORTFOREVER.be,1955-09-05,SPORT FOREVER BE 5
HARVEY,Noah,33,781828973,2012-09-02,Voie du Château [ Aiglun ],1,HARVEY-Noah@SPORTFOREVER.fr,1986-10-23,SPORT FOREVER FR 1
REESE,Malo,33,44580838,2013-05-24,Avenue Beau de Rochas [ Aiglun ],1,REESE-Malo@SPORTFOREVER.fr,1977-12-06,SPORT FOREVER FR 2
ESPINOZA,Jules,33,673744593,2020-02-24,Avenue des Grées [ Aiglun ],1,ESPINOZA-Jules@SPORTFOREVER.fr,1990-10-24,SPORT FOREVER FR 3
HALL,Maria,33,324107648,2016-08-18,Impasse de la Combe [ Aiglun ],1,HALL-Maria@SPORTFOREVER.fr,1990-11-21,SPORT FOREVER FR 4
BALLARD,Hugo,33,357366463,2012-04-10,Avenue Beau de Rochas [ Aiglun ],1,BALLARD-Hugo@SPORTFOREVER.fr,1969-11-16,SPORT FOREVER FR 5
PHAM,Justine,33,419964962,2015-12-24,Avenue des Grées [ Aiglun ],1,PHAM-Justine@SPORTFOREVER.fr,1981-05-12,SPORT FOREVER FR 6
WARNER,Lina,33,816824198,2011-01-29,Avenue des Grées [ Aiglun ],1,WARNER-Lina@SPORTFOREVER.fr,1983-10-09,SPORT FOREVER FR 7
WEBER,Rayan,33,198414418,2016-03-18,Avenue des Grées [ Aiglun ],1,WEBER-Rayan@SPORTFOREVER.fr,1986-03-12,SPORT FOREVER FR 8
DENNIS,Sarah,33,808167285,2013-06-07,Voie du Château [ Aiglun ],1,DENNIS-Sarah@SPORTFOREVER.fr,1988-09-16,SPORT FOREVER FR 9
BELL,Charlie,33,323671590,2016-12-10,Impasse de la Combe [ Aiglun ],1,BELL-Charlie@SPORTFOREVER.fr,1999-02-22,SPORT FOREVER FR 10
MONTGOMERY,Ismaël,44,8254240,2014-03-02,"ASHCROFT STABLES, WILLSLOCK [ STAFFORDSHIRE ]",1,MONTGOMERY-Ismaël@SPORTFOREVER.uk,1958-03-19,SPORT FOREVER UK 1
FRANCO,Rayan,44,2594161044,2013-04-25,3 SUNNINGDALE CRESCENT [ BOURNEMOUTH ],1,FRANCO-Rayan@SPORTFOREVER.uk,1973-01-07,SPORT FOREVER UK 2
DAVIDSON,Adam,44,8866773306,2013-03-06,23 SANDRINGHAM DRIVE [ ROWLEY REGIS ],1,DAVIDSON-Adam@SPORTFOREVER.uk,1963-07-14,SPORT FOREVER UK 3
